URL,Status Code,Title,Meta Description,Canonical,Meta Robots,H1,H2,H3,OG Title,OG Description,OG Image,Product Name,Price,Availability,Product Type,Category,Content Excerpt
"https://flowerbouquet.pk/","200","Send Fresh Flowers, Gifts &amp; Cake Online | Same-Day Delivery Pakistan &ndash; Flower Bouquet","Flower Bouquet Co is best shop that delivers fresh flowers, gifts, event decor and cakes across Lahore, Islamabad , Karachi and Faisalabad, Pakistan. Enjoy Fast ✅ same-day and ✅ midnight delivery. We offer beautiful bouquets, arrangements, vases &amp; gifts &amp; event decors like Birthday, Walima , Barat &amp; Car decor","https://flowerbouquet.pk/","index, follow","","Login to save your favourites ; Item added to your cart ; Art Of Celebration ; Beautiful Flower Bouquets ; Budget Friendly Flower Bouquets ; Cake & Chocolates ; Customer Reviews ; Faqs About Flowers & Gifts ; Flowers & Gifts By Flower Bouquet ; Flower Bouquet Blogs","Flower Bouquets ; Flower Bouquets ; Cakes &amp; Choco ; Cakes &amp; Choco ; Gift Box &amp; Baskets ; Gift Box &amp; Baskets ; Birthday Decoration ; Birthday Decoration ; Indoor &amp; Outdoor Plants ; Indoor &amp; Outdoor Plants","Send Fresh Flowers, Gifts &amp; Cake Online | Same-Day Delivery Pakistan","Flower Bouquet Co is best shop that delivers fresh flowers, gifts, event decor and cakes across Lahore, Islamabad , Karachi and Faisalabad, Pakistan. Enjoy Fast ✅ same-day and ✅ midnight delivery. We offer beautiful bouquets, arrangements, vases &amp; gifts &amp; event decors like Birthday, Walima , Barat &amp; Car decor","","","PKR ,","","","","#Slide-template--18323741638787__slideshow_bQTxGE-1 .banner__media::after { opacity: 0.0; } #Slide-template--18323741638787__slideshow_bQTxGE-2 .banne"
"https://flowerbouquet.pk/collections/flowers","200","Order Birthday Flower &amp; Gifts | Delivery in 3 Hours | Pakistan &ndash; Flower Bouquet","Fresh Flowers Bouquet","https://flowerbouquet.pk/collections/flowers","index, follow","Collection: Flower Bouquets","Login to save your favourites ; Item added to your cart ; Filter: ; Sort by: ; 131 products ; Filter and sort ; Filter ; 131 products ; Add Cake & Chocolates ; Browse More Flower Bouquets","House Lighting Decor ; House Lighting Decor ; House decor ; House decor ; Stairs Decor ; Stairs Decor ; Flower Bouquets ; Flower Bouquets ; Nikkah Decor ; Nikkah Decor","Order Birthday Flower &amp; Gifts | Delivery in 3 Hours | Pakistan","Fresh Flowers Bouquet","","Collection: Flower Bouquets","PKR 399,999","","","",".section-template--18417668325507__collection_list_4wfKad-padding { padding-top: 27px; padding-bottom: 12px; } @media screen and (min-width: 750px) { "
"https://flowerbouquet.pk/collections/best-selling-flowers","200","Best Selling Flowers - Top Picks &amp; Favorites | FarmBoy Flowers Lahore &ndash; Flower Bouquet","Discover Flower Bouquet&#39; best selling flowers in Lahore, featuring our customers’ favorite bouquets and arrangements. From stunning roses to exotic orchids, our top picks are perfect for any occasion. Browse our collection of best sellers and find the ideal floral gift. Experience our renowned service with prompt and r","https://flowerbouquet.pk/collections/best-selling-flowers","index, follow","","Login to save your favourites ; Item added to your cart ; Filter: ; Sort by: ; 89 products ; Filter and sort ; Filter ; 89 products ; Add Cake & Chocolates ; Browse More Flower Bouquets","Vibrant Rose Bouquet ; Vibrant Rose Bouquet ; Red Rose Gajra ; Red Rose Gajra ; Decadent Delight ; Decadent Delight ; Radiant Rose Bouquet ; Radiant Rose Bouquet ; Red and White Floral Bouquet ; Red and White Floral Bouquet","Best Selling Flowers - Top Picks &amp; Favorites | FarmBoy Flowers Lahore","Discover Flower Bouquet&#39; best selling flowers in Lahore, featuring our customers’ favorite bouquets and arrangements. From stunning roses to exotic orchids, our top picks are perfect for any occasion. Browse our collection of best sellers and find the ideal floral gift. Experience our renowned service with prompt and r","","","PKR 69,999","","","",".section-template--18323741343875__product-grid-padding { padding-top: 39px; padding-bottom: 39px; } @media screen and (min-width: 750px) { .section-t"
"https://flowerbouquet.pk/collections/all-products","200","All Products - Flowers, Gifts, Cakes | FarmBoy Flowers Lahore &ndash; Flower Bouquet","Explore our complete collection of flowers, gifts, cakes, and more at Flower Bouquet in Lahore. Whether you’re looking for the perfect birthday bouquet, a thoughtful anniversary gift, or a celebratory cake, our extensive catalog has something for every occasion. Discover premium quality, beautifully crafted products wi","https://flowerbouquet.pk/collections/all-products","index, follow","","Login to save your favourites ; Item added to your cart ; Filter: ; Sort by: ; 63 products ; Filter and sort ; Filter ; 63 products ; Add Cake & Chocolates ; Browse More Flower Bouquets","Elegant Black Wrapped Rose Bouquet ; Elegant Black Wrapped Rose Bouquet ; Sorry Flower Bouquet ; Sorry Flower Bouquet ; Vibrant Rose Bouquet ; Vibrant Rose Bouquet ; Elegant Purple Rose Bouquet ; Elegant Purple Rose Bouquet ; Elegant Floral Jewelry Set ; Elegant Floral Jewelry Set","All Products - Flowers, Gifts, Cakes | FarmBoy Flowers Lahore","Explore our complete collection of flowers, gifts, cakes, and more at Flower Bouquet in Lahore. Whether you’re looking for the perfect birthday bouquet, a thoughtful anniversary gift, or a celebratory cake, our extensive catalog has something for every occasion. Discover premium quality, beautifully crafted products wi","","","PKR ,","","","",".section-template--18323741343875__product-grid-padding { padding-top: 39px; padding-bottom: 39px; } @media screen and (min-width: 750px) { .section-t"
"https://flowerbouquet.pk/collections/birthday-gifts-flowers","200","Order Birthday Flowers &amp; Gifts | Delivery in 3 Hours | Lahore Pakistan &ndash; Flower Bouquet","Celebrate birthdays with exclusive flowers and unique gifts from Flower Bouquetin Lahore, Islamabad and Karachi. Our vibrant Fresh Flower bouquets and thoughtful presents are perfect for making birthdays memorable. Enjoy fast, same-day delivery across the city! Midnight Birthday Flower Delivery in Lahore, Islamabad an","https://flowerbouquet.pk/collections/birthday-gifts-flowers","index, follow","","Login to save your favourites ; Item added to your cart ; Filter: ; Sort by: ; 47 products ; Filter and sort ; Filter ; 47 products ; Add Cake & Chocolates ; Browse More Flower Bouquets","Golden Charm ; Golden Charm ; Midnight Romance ; Midnight Romance ; Golden Morning Bliss ; Golden Morning Bliss ; Classic Red Bloom ; Classic Red Bloom ; Sunset Rose Bouquet – Elegant Floral Gift with Premium Wrapping ; Sunset Rose Bouquet – Elegant Floral Gift with Premium Wrapping","Order Birthday Flowers &amp; Gifts | Delivery in 3 Hours | Lahore Pakistan","Celebrate birthdays with exclusive flowers and unique gifts from Flower Bouquetin Lahore, Islamabad and Karachi. Our vibrant Fresh Flower bouquets and thoughtful presents are perfect for making birthdays memorable. Enjoy fast, same-day delivery across the city! Midnight Birthday Flower Delivery in Lahore, Islamabad an","","","PKR 69,999","","","",".section-template--18323741343875__product-grid-padding { padding-top: 39px; padding-bottom: 39px; } @media screen and (min-width: 750px) { .section-t"
"https://flowerbouquet.pk/collections/anniversary-gifts-flowers","200","Anniversary Flowers &amp; Romantic Gifts | Delivery in 3 Hours &ndash; Flower Bouquet","Celebrate your special day with heartfelt anniversary gifts tailored just for you! Whether it&#39;s your wedding anniversary, a milestone with your spouse, or honoring your parents&#39; enduring love, we have the perfect gifts to make your anniversary memorable. An anniversary is not just a date, it&#39;s a milestone that celebrat","https://flowerbouquet.pk/collections/anniversary-gifts-flowers","index, follow","","Login to save your favourites ; Item added to your cart ; Filter: ; Sort by: ; 93 products ; Filter and sort ; Filter ; 93 products ; Add Cake & Chocolates ; Browse More Flower Bouquets","Vibrant Rose Bouquet ; Vibrant Rose Bouquet ; Decadent Delight ; Decadent Delight ; Radiant Rose Bouquet ; Radiant Rose Bouquet ; Red and White Floral Bouquet ; Red and White Floral Bouquet ; Chocolate Rose Bouquet ; Chocolate Rose Bouquet","Anniversary Flowers &amp; Romantic Gifts | Delivery in 3 Hours","Celebrate your special day with heartfelt anniversary gifts tailored just for you! Whether it&#39;s your wedding anniversary, a milestone with your spouse, or honoring your parents&#39; enduring love, we have the perfect gifts to make your anniversary memorable. An anniversary is not just a date, it&#39;s a milestone that celebrat","","","PKR 69,999","","","",".section-template--18323741343875__product-grid-padding { padding-top: 39px; padding-bottom: 39px; } @media screen and (min-width: 750px) { .section-t"
"https://flowerbouquet.pk/collections/valentines-day-gifts-flowers","200","Valentine&#39;s Day Flowers &amp; Romantic Gifts | Delivery in 3 Hours &ndash; Flower Bouquet","Express your love with luxurious Valentine’s Day flowers and romantic gifts from Flower Bouquet. Surprise your significant other in Lahore with our beautifully curated roses and exclusive gift sets. Order early for guaranteed delivery!","https://flowerbouquet.pk/collections/valentines-day-gifts-flowers","index, follow","Collection: Valentine&#39;s Flowers","Login to save your favourites ; Item added to your cart ; Filter: ; Sort by: ; 44 products ; Filter and sort ; Filter ; 44 products ; Add Cake & Chocolates ; Browse More Flower Bouquets","House Lighting Decor ; House Lighting Decor ; House decor ; House decor ; Stairs Decor ; Stairs Decor ; Flower Bouquets ; Flower Bouquets ; Nikkah Decor ; Nikkah Decor","Valentine&#39;s Day Flowers &amp; Romantic Gifts | Delivery in 3 Hours","Express your love with luxurious Valentine’s Day flowers and romantic gifts from Flower Bouquet. Surprise your significant other in Lahore with our beautifully curated roses and exclusive gift sets. Order early for guaranteed delivery!","","Collection: Valentine&#39;s Flowers","PKR 64,999","","","",".section-template--18417668325507__collection_list_4wfKad-padding { padding-top: 27px; padding-bottom: 12px; } @media screen and (min-width: 750px) { "
"https://flowerbouquet.pk/collections/mothers-day-gifts-flowers","200","Mother&#39;s Day Flowers &amp; Gifts - Delivery in 3 Hours &ndash; Flower Bouquet","Honor your mother with beautiful flowers and heartfelt gifts from Flower Bouquet Lahore. Our special Mother&#39;s Day collection includes vibrant bouquets and thoughtful presents perfect for expressing gratitude. Same-day delivery in Lahore ensured. Every milestone in your life—from your first day at college to every birth","https://flowerbouquet.pk/collections/mothers-day-gifts-flowers","index, follow","","Login to save your favourites ; Item added to your cart ; Filter: ; Sort by: ; 51 products ; Filter and sort ; Filter ; 51 products ; Add Cake & Chocolates ; Browse More Flower Bouquets","Single Imported Flower ; Single Imported Flower ; Mom&#39;s Delight Bouquet ; Mom&#39;s Delight Bouquet ; Just Because Flower Bouquet ; Just Because Flower Bouquet ; Sunshine Bouquet ; Sunshine Bouquet ; Single Rose Delight ; Single Rose Delight","Mother&#39;s Day Flowers &amp; Gifts - Delivery in 3 Hours","Honor your mother with beautiful flowers and heartfelt gifts from Flower Bouquet Lahore. Our special Mother&#39;s Day collection includes vibrant bouquets and thoughtful presents perfect for expressing gratitude. Same-day delivery in Lahore ensured. Every milestone in your life—from your first day at college to every birth","","","PKR 69,999","","","",".section-template--18323741343875__product-grid-padding { padding-top: 39px; padding-bottom: 39px; } @media screen and (min-width: 750px) { .section-t"
"https://flowerbouquet.pk/collections/fathers-day-gifts-flowers","200","Father&#39;s Day Flowers &amp; Gifts - Celebrate Dad - Delivery in 3 Hours &ndash; Flower Bouquet","Honor your father with unique Father’s Day flowers and bespoke gifts from Flower Bouquet in Lahore. Our carefully curated collection includes sophisticated arrangements and thoughtful gifts that dads will love. Order now for special delivery Father&#39;s Day is the perfect occasion to celebrate the wonderful dads and fathe","https://flowerbouquet.pk/collections/fathers-day-gifts-flowers","index, follow","","Login to save your favourites ; Item added to your cart ; Filter: ; Sort by: ; 10 products ; Filter and sort ; Filter ; 10 products ; Add Cake & Chocolates ; Browse More Flower Bouquets","Mint Oasis ; Mint Oasis ; Polaroid bouquet ; Polaroid bouquet ; Elegant Paste Bouquet ; Elegant Paste Bouquet ; Single Rose Delight ; Single Rose Delight ; Single Red Rose Bouquet ; Single Red Rose Bouquet","Father&#39;s Day Flowers &amp; Gifts - Celebrate Dad - Delivery in 3 Hours","Honor your father with unique Father’s Day flowers and bespoke gifts from Flower Bouquet in Lahore. Our carefully curated collection includes sophisticated arrangements and thoughtful gifts that dads will love. Order now for special delivery Father&#39;s Day is the perfect occasion to celebrate the wonderful dads and fathe","","","PKR 20,999","","","",".section-template--18323741343875__product-grid-padding { padding-top: 39px; padding-bottom: 39px; } @media screen and (min-width: 750px) { .section-t"
"https://flowerbouquet.pk/collections/congratulations-gift-flowers","200","Congratulatory Flowers &amp; Gifts - Celebrate Success | Free Delivery in 3 Hours &ndash; Flower Bouquet","Say &#39;Congratulations&#39; with elegant flowers and thoughtful gifts from Flower Bouquet. Ideal for promotions, graduations, and milestones in lahore,islamabad and karachi. Shop our inspiring arrangements and get them delivered the same day! Congratulatory Flowers","https://flowerbouquet.pk/collections/congratulations-gift-flowers","index, follow","","Login to save your favourites ; Item added to your cart ; Filter: ; Sort by: ; 36 products ; Filter and sort ; Filter ; 36 products ; Add Cake & Chocolates ; Browse More Flower Bouquets","Native Red Flower Bouquet ; Native Red Flower Bouquet ; Budgeted Imported Flower Bouquet ; Budgeted Imported Flower Bouquet ; Blush Rose Elegance ; Blush Rose Elegance ; Sunshine Bouquet ; Sunshine Bouquet ; Red and White Floral Bouquet ; Red and White Floral Bouquet","Congratulatory Flowers &amp; Gifts - Celebrate Success | Free Delivery in 3 Hours","Say &#39;Congratulations&#39; with elegant flowers and thoughtful gifts from Flower Bouquet. Ideal for promotions, graduations, and milestones in lahore,islamabad and karachi. Shop our inspiring arrangements and get them delivered the same day! Congratulatory Flowers","","","PKR 12,999","","","",".section-template--18323741343875__product-grid-padding { padding-top: 39px; padding-bottom: 39px; } @media screen and (min-width: 750px) { .section-t"
"https://flowerbouquet.pk/collections/get-well-soon-gifts-flowers","200","Order Get Well Soon Flowers &amp; Gifts - Delivery in 3 Hours &ndash; Flower Bouquet","Send a ray of sunshine with get well soon flowers and comforting gifts from Flower Bouquet in Lahore. Our vibrant bouquets and thoughtful care packages are perfect for lifting spirits and speeding recovery. Same-day delivery available","https://flowerbouquet.pk/collections/get-well-soon-gifts-flowers","index, follow","","Login to save your favourites ; Item added to your cart ; Filter: ; Sort by: ; 19 products ; Filter and sort ; Filter ; 19 products ; Add Cake & Chocolates ; Browse More Flower Bouquets","Single Imported Flower ; Single Imported Flower ; Small Imported Single Rose Bouquet ; Small Imported Single Rose Bouquet ; Red and White Floral Bouquet ; Red and White Floral Bouquet ; Affordable Rose Bouquet ; Affordable Rose Bouquet ; Red Rose Gajra ; Red Rose Gajra","Order Get Well Soon Flowers &amp; Gifts - Delivery in 3 Hours","Send a ray of sunshine with get well soon flowers and comforting gifts from Flower Bouquet in Lahore. Our vibrant bouquets and thoughtful care packages are perfect for lifting spirits and speeding recovery. Same-day delivery available","","","PKR 23,999","","","",".section-template--18323741343875__product-grid-padding { padding-top: 39px; padding-bottom: 39px; } @media screen and (min-width: 750px) { .section-t"
"https://flowerbouquet.pk/collections/cakes-chocolates-in-lahore","200","Cakes &amp; Chocolates Gifts- Delivery in Lahore under 3 Hours | Pakistan &ndash; Flower Bouquet","Indulge in the finest selection of cakes and chocolates from FarmBoy Flowers, Lahore&#39;s premier destination for sweet treats. Whether you&#39;re celebrating a birthday, anniversary, or simply want to share a moment of joy, our delicious cakes and premium chocolates are sure to satisfy any craving. Choose from a variety of cake flavors, including classic chocolate, velvety red velvet, creamy vanilla, and more. Each cake is baked fresh, ensuring a rich and moist texture that complements any celebration. Pair your cake with our luxury chocolates, crafted with care to offer a delightful mix of sweetness and decadence. FarmBoy Flowers is dedicated to providing top-quality cakes and chocolates, delivered to your doorstep in Lahore and across Pakistan. Our online ordering process is simple and user-friendly, allowing you to customize your cake and select the perfect assortment of chocolates. We also offer same-day and fixed-time delivery, ensuring your treats arrive just when you need them. For the perfect combination of cakes and chocolates, FarmBoy Flowers has you covered. Visit our website to explore our full range of sweet delights and order now to add a touch of sweetness to your special occasion. Experience the joy of indulging in premium cakes and chocolates with FarmBoy Flowers","https://flowerbouquet.pk/collections/cakes-chocolates-in-lahore","index, follow","","Login to save your favourites ; Item added to your cart ; Filter: ; Sort by: ; 26 products ; Filter and sort ; Filter ; 26 products ; Add Cake & Chocolates ; Browse More Flower Bouquets","Layers Raffaello Cake ; Layers Raffaello Cake ; Layers Lotus three Milk Cake ; Layers Lotus three Milk Cake ; Layers Ferrero Classic Cake ; Layers Ferrero Classic Cake ; Layers Milky Malt Cake ; Layers Milky Malt Cake ; Layers Chocolate Heaven Cake ; Layers Chocolate Heaven Cake","Cakes &amp; Chocolates Gifts- Delivery in Lahore under 3 Hours | Pakistan","Indulge in the finest selection of cakes and chocolates from FarmBoy Flowers, Lahore&#39;s premier destination for sweet treats. Whether you&#39;re celebrating a birthday, anniversary, or simply want to share a moment of joy, our delicious cakes and premium chocolates are sure to satisfy any craving. Choose from a variety of cake flavors, including classic chocolate, velvety red velvet, creamy vanilla, and more. Each cake is baked fresh, ensuring a rich and moist texture that complements any celebration. Pair your cake with our luxury chocolates, crafted with care to offer a delightful mix of sweetness and decadence. FarmBoy Flowers is dedicated to providing top-quality cakes and chocolates, delivered to your doorstep in Lahore and across Pakistan. Our online ordering process is simple and user-friendly, allowing you to customize your cake and select the perfect assortment of chocolates. We also offer same-day and fixed-time delivery, ensuring your treats arrive just when you need them. For the perfect combination of cakes and chocolates, FarmBoy Flowers has you covered. Visit our website to explore our full range of sweet delights and order now to add a touch of sweetness to your special occasion. Experience the joy of indulging in premium cakes and chocolates with FarmBoy Flowers","","","PKR ,","","","",".section-template--18323741343875__product-grid-padding { padding-top: 39px; padding-bottom: 39px; } @media screen and (min-width: 750px) { .section-t"
"https://flowerbouquet.pk/collections/unique-gift-baskets-for-all-occasions","200","Unique Gift Baskets for All Occasions - Delivery in Lahore Within 3 Hours | Pakistan &ndash; Flower Bouquet","Explore a wide range of gift baskets in Lahore at Flower Bouquet. Find the perfect gift basket for birthdays, anniversaries, Mother&#39;s Day, and more. Our unique selection of gift baskets is designed to suit any occasion, offering a delightful mix of gourmet treats, flowers, and personalized items. Order online for fast","https://flowerbouquet.pk/collections/unique-gift-baskets-for-all-occasions","index, follow","Collection: Gift Box &amp; Baskets","Login to save your favourites ; Item added to your cart ; Filter: ; Sort by: ; 20 products ; Filter and sort ; Filter ; 20 products ; Add Cake & Chocolates ; Browse More Flower Bouquets","House Lighting Decor ; House Lighting Decor ; House decor ; House decor ; Stairs Decor ; Stairs Decor ; Flower Bouquets ; Flower Bouquets ; Nikkah Decor ; Nikkah Decor","Unique Gift Baskets for All Occasions - Delivery in Lahore Within 3 Hours | Pakistan","Explore a wide range of gift baskets in Lahore at Flower Bouquet. Find the perfect gift basket for birthdays, anniversaries, Mother&#39;s Day, and more. Our unique selection of gift baskets is designed to suit any occasion, offering a delightful mix of gourmet treats, flowers, and personalized items. Order online for fast","","Collection: Gift Box &amp; Baskets","PKR ,","","","",".section-template--18417668325507__collection_list_4wfKad-padding { padding-top: 27px; padding-bottom: 12px; } @media screen and (min-width: 750px) { "
"https://flowerbouquet.pk/collections/eid-gifts-flowers","200","Ramadan &amp; Eid Flowers - Celebratory Gifts - Delivery in 3 Hours &ndash; Flower Bouquet","Brighten your Ramadan and Eid celebrations with festive flowers and gifts from Flower Bouquet in Lahore. Our vibrant Eid collection offers beautifully made bouquets and thoughtful presents to share joy and blessings. Order today for festive delivery!","https://flowerbouquet.pk/collections/eid-gifts-flowers","index, follow","","Login to save your favourites ; Item added to your cart ; Filter: ; Sort by: ; 39 products ; Filter and sort ; Filter ; 39 products ; Add Cake & Chocolates ; Browse More Flower Bouquets","Small Imported Single Rose Bouquet ; Small Imported Single Rose Bouquet ; Red and White Floral Bouquet ; Red and White Floral Bouquet ; Affordable Rose Bouquet ; Affordable Rose Bouquet ; Budgeted Imported Flower Bouquet ; Budgeted Imported Flower Bouquet ; Native Red Flower Bouquet ; Native Red Flower Bouquet","Ramadan &amp; Eid Flowers - Celebratory Gifts - Delivery in 3 Hours","Brighten your Ramadan and Eid celebrations with festive flowers and gifts from Flower Bouquet in Lahore. Our vibrant Eid collection offers beautifully made bouquets and thoughtful presents to share joy and blessings. Order today for festive delivery!","","","PKR 399,999","","","",".section-template--18323741343875__product-grid-padding { padding-top: 39px; padding-bottom: 39px; } @media screen and (min-width: 750px) { .section-t"
"https://flowerbouquet.pk/collections/crochet-flowers-bouquet","404","404 Not Found &ndash; Flower Bouquet","","https://flowerbouquet.pk/404","index, follow","Page not found","Login to save your favourites ; Item added to your cart ; Quick links ; Contact Info ; Delivery Locations ; Quick links ; Subscribe to our emails","Important Notice","404 Not Found","Flower Bouquet Co is best shop that delivers fresh flowers, gifts, event decor and cakes across Lahore, Islamabad , Karachi and Faisalabad, Pakistan. Enjoy Fast ✅ same-day and ✅ midnight delivery. We offer beautiful bouquets, arrangements, vases &amp; gifts &amp; event decors like Birthday, Walima , Barat &amp; Car decor","","Page not found","PKR ,","","","",".template-404 .title + * { margin-top: 1rem; } @media screen and (min-width: 750px) { .template-404 .title + * { margin-top: 2rem; } } 404 Page not fo"
"https://flowerbouquet.pk/collections/dry-flower-bouquets","404","404 Not Found &ndash; Flower Bouquet","","https://flowerbouquet.pk/404","index, follow","Page not found","Login to save your favourites ; Item added to your cart ; Quick links ; Contact Info ; Delivery Locations ; Quick links ; Subscribe to our emails","Important Notice","404 Not Found","Flower Bouquet Co is best shop that delivers fresh flowers, gifts, event decor and cakes across Lahore, Islamabad , Karachi and Faisalabad, Pakistan. Enjoy Fast ✅ same-day and ✅ midnight delivery. We offer beautiful bouquets, arrangements, vases &amp; gifts &amp; event decors like Birthday, Walima , Barat &amp; Car decor","","Page not found","PKR ,","","","",".template-404 .title + * { margin-top: 1rem; } @media screen and (min-width: 750px) { .template-404 .title + * { margin-top: 2rem; } } 404 Page not fo"
"https://flowerbouquet.pk/products/crimson-heart-a-passionate-red-rose-bouquet-featuring-red-roses-gypso-and-chrysanthemum","404","404 Not Found &ndash; Flower Bouquet","","https://flowerbouquet.pk/404","index, follow","Page not found","Login to save your favourites ; Item added to your cart ; Quick links ; Contact Info ; Delivery Locations ; Quick links ; Subscribe to our emails","Important Notice","404 Not Found","Flower Bouquet Co is best shop that delivers fresh flowers, gifts, event decor and cakes across Lahore, Islamabad , Karachi and Faisalabad, Pakistan. Enjoy Fast ✅ same-day and ✅ midnight delivery. We offer beautiful bouquets, arrangements, vases &amp; gifts &amp; event decors like Birthday, Walima , Barat &amp; Car decor","","Page not found","PKR ,","","","",".template-404 .title + * { margin-top: 1rem; } @media screen and (min-width: 750px) { .template-404 .title + * { margin-top: 2rem; } } 404 Page not fo"
"https://flowerbouquet.pk/products/sunset-charm-sunflowers-chrysanthemum-rose-bouquet","404","404 Not Found &ndash; Flower Bouquet","","https://flowerbouquet.pk/404","index, follow","Page not found","Login to save your favourites ; Item added to your cart ; Quick links ; Contact Info ; Delivery Locations ; Quick links ; Subscribe to our emails","Important Notice","404 Not Found","Flower Bouquet Co is best shop that delivers fresh flowers, gifts, event decor and cakes across Lahore, Islamabad , Karachi and Faisalabad, Pakistan. Enjoy Fast ✅ same-day and ✅ midnight delivery. We offer beautiful bouquets, arrangements, vases &amp; gifts &amp; event decors like Birthday, Walima , Barat &amp; Car decor","","Page not found","PKR ,","","","",".template-404 .title + * { margin-top: 1rem; } @media screen and (min-width: 750px) { .template-404 .title + * { margin-top: 2rem; } } 404 Page not fo"
"https://flowerbouquet.pk/products/golden-elegance-money-bouquet","404","404 Not Found &ndash; Flower Bouquet","","https://flowerbouquet.pk/404","index, follow","Page not found","Login to save your favourites ; Item added to your cart ; Quick links ; Contact Info ; Delivery Locations ; Quick links ; Subscribe to our emails","Important Notice","404 Not Found","Flower Bouquet Co is best shop that delivers fresh flowers, gifts, event decor and cakes across Lahore, Islamabad , Karachi and Faisalabad, Pakistan. Enjoy Fast ✅ same-day and ✅ midnight delivery. We offer beautiful bouquets, arrangements, vases &amp; gifts &amp; event decors like Birthday, Walima , Barat &amp; Car decor","","Page not found","PKR ,","","","",".template-404 .title + * { margin-top: 1rem; } @media screen and (min-width: 750px) { .template-404 .title + * { margin-top: 2rem; } } 404 Page not fo"
"https://flowerbouquet.pk/products/sweet-delight-chocolate-bouquet","404","404 Not Found &ndash; Flower Bouquet","","https://flowerbouquet.pk/404","index, follow","Page not found","Login to save your favourites ; Item added to your cart ; Quick links ; Contact Info ; Delivery Locations ; Quick links ; Subscribe to our emails","Important Notice","404 Not Found","Flower Bouquet Co is best shop that delivers fresh flowers, gifts, event decor and cakes across Lahore, Islamabad , Karachi and Faisalabad, Pakistan. Enjoy Fast ✅ same-day and ✅ midnight delivery. We offer beautiful bouquets, arrangements, vases &amp; gifts &amp; event decors like Birthday, Walima , Barat &amp; Car decor","","Page not found","PKR ,","","","",".template-404 .title + * { margin-top: 1rem; } @media screen and (min-width: 750px) { .template-404 .title + * { margin-top: 2rem; } } 404 Page not fo"
"https://flowerbouquet.pk/products/deluxe-bridal-room-flower-decoration","404","404 Not Found &ndash; Flower Bouquet","","https://flowerbouquet.pk/404","index, follow","Page not found","Login to save your favourites ; Item added to your cart ; Quick links ; Contact Info ; Delivery Locations ; Quick links ; Subscribe to our emails","Important Notice","404 Not Found","Flower Bouquet Co is best shop that delivers fresh flowers, gifts, event decor and cakes across Lahore, Islamabad , Karachi and Faisalabad, Pakistan. Enjoy Fast ✅ same-day and ✅ midnight delivery. We offer beautiful bouquets, arrangements, vases &amp; gifts &amp; event decors like Birthday, Walima , Barat &amp; Car decor","","Page not found","PKR ,","","","",".template-404 .title + * { margin-top: 1rem; } @media screen and (min-width: 750px) { .template-404 .title + * { margin-top: 2rem; } } 404 Page not fo"
"https://flowerbouquet.pk/products/fresh-flower-gajray-set","404","404 Not Found &ndash; Flower Bouquet","","https://flowerbouquet.pk/404","index, follow","Page not found","Login to save your favourites ; Item added to your cart ; Quick links ; Contact Info ; Delivery Locations ; Quick links ; Subscribe to our emails","Important Notice","404 Not Found","Flower Bouquet Co is best shop that delivers fresh flowers, gifts, event decor and cakes across Lahore, Islamabad , Karachi and Faisalabad, Pakistan. Enjoy Fast ✅ same-day and ✅ midnight delivery. We offer beautiful bouquets, arrangements, vases &amp; gifts &amp; event decors like Birthday, Walima , Barat &amp; Car decor","","Page not found","PKR ,","","","",".template-404 .title + * { margin-top: 1rem; } @media screen and (min-width: 750px) { .template-404 .title + * { margin-top: 2rem; } } 404 Page not fo"
"https://flowerbouquet.pk/products/elegant-white-rose-harmony-bouquet","404","404 Not Found &ndash; Flower Bouquet","","https://flowerbouquet.pk/404","index, follow","Page not found","Login to save your favourites ; Item added to your cart ; Quick links ; Contact Info ; Delivery Locations ; Quick links ; Subscribe to our emails","Important Notice","404 Not Found","Flower Bouquet Co is best shop that delivers fresh flowers, gifts, event decor and cakes across Lahore, Islamabad , Karachi and Faisalabad, Pakistan. Enjoy Fast ✅ same-day and ✅ midnight delivery. We offer beautiful bouquets, arrangements, vases &amp; gifts &amp; event decors like Birthday, Walima , Barat &amp; Car decor","","Page not found","PKR ,","","","",".template-404 .title + * { margin-top: 1rem; } @media screen and (min-width: 750px) { .template-404 .title + * { margin-top: 2rem; } } 404 Page not fo"
"https://flowerbouquet.pk/products/midnight-special-black-wrap-rose-bouquet","404","404 Not Found &ndash; Flower Bouquet","","https://flowerbouquet.pk/404","index, follow","Page not found","Login to save your favourites ; Item added to your cart ; Quick links ; Contact Info ; Delivery Locations ; Quick links ; Subscribe to our emails","Important Notice","404 Not Found","Flower Bouquet Co is best shop that delivers fresh flowers, gifts, event decor and cakes across Lahore, Islamabad , Karachi and Faisalabad, Pakistan. Enjoy Fast ✅ same-day and ✅ midnight delivery. We offer beautiful bouquets, arrangements, vases &amp; gifts &amp; event decors like Birthday, Walima , Barat &amp; Car decor","","Page not found","PKR ,","","","",".template-404 .title + * { margin-top: 1rem; } @media screen and (min-width: 750px) { .template-404 .title + * { margin-top: 2rem; } } 404 Page not fo"
"https://flowerbouquet.pk/products/luxury-chrysanthemums-and-imported-roses-arrangement","404","404 Not Found &ndash; Flower Bouquet","","https://flowerbouquet.pk/404","index, follow","Page not found","Login to save your favourites ; Item added to your cart ; Quick links ; Contact Info ; Delivery Locations ; Quick links ; Subscribe to our emails","Important Notice","404 Not Found","Flower Bouquet Co is best shop that delivers fresh flowers, gifts, event decor and cakes across Lahore, Islamabad , Karachi and Faisalabad, Pakistan. Enjoy Fast ✅ same-day and ✅ midnight delivery. We offer beautiful bouquets, arrangements, vases &amp; gifts &amp; event decors like Birthday, Walima , Barat &amp; Car decor","","Page not found","PKR ,","","","",".template-404 .title + * { margin-top: 1rem; } @media screen and (min-width: 750px) { .template-404 .title + * { margin-top: 2rem; } } 404 Page not fo"
"https://flowerbouquet.pk/products/handcrafted-crochet-rose-keepsake","404","404 Not Found &ndash; Flower Bouquet","","https://flowerbouquet.pk/404","index, follow","Page not found","Login to save your favourites ; Item added to your cart ; Quick links ; Contact Info ; Delivery Locations ; Quick links ; Subscribe to our emails","Important Notice","404 Not Found","Flower Bouquet Co is best shop that delivers fresh flowers, gifts, event decor and cakes across Lahore, Islamabad , Karachi and Faisalabad, Pakistan. Enjoy Fast ✅ same-day and ✅ midnight delivery. We offer beautiful bouquets, arrangements, vases &amp; gifts &amp; event decors like Birthday, Walima , Barat &amp; Car decor","","Page not found","PKR ,","","","",".template-404 .title + * { margin-top: 1rem; } @media screen and (min-width: 750px) { .template-404 .title + * { margin-top: 2rem; } } 404 Page not fo"
"https://flowerbouquet.pk/pages/wedding-decorations-lahore","200","Wedding Decorations in Lahore | Stages for Mehndi, Walima &ndash; Flower Bouquet","Explore our wedding decoration services in Lahore, perfect for any part of your wedding, from Mehndi to Walima. We make every wedding event beautiful and memorable, serving all of Pakistan. Find decorations for every type of wedding celebration! At Flower Bouquet, we believe that weddings are not just events; they are","https://flowerbouquet.pk/pages/wedding-decorations-lahore","index, follow","Wedding Decor Services in DHA Phase 1, Lahore","Login to save your favourites ; Item added to your cart ; Wedding Decor Services in DHA Phase 1, Lahore ; Customized Car Decoration at Home ; Faqs About Wedding Decor in Dha Phase 1 ; Welcome to Flower Bouquet - Premier Wedding Decor in DHA Phase 1, Lahore ; Flower Bouquet & Gifts Blogs ; Quick links ; Contact Info ; Delivery Locations","Wedding Decoration ; Wedding Decoration ; Barat Decoration ; Barat Decoration ; Mehndi Decorations ; Mehndi Decorations ; Masehri Decorations ; Masehri Decorations ; Nikkah Decor ; Nikkah Decor","Wedding Decorations in Lahore | Stages for Mehndi, Walima","Explore our wedding decoration services in Lahore, perfect for any part of your wedding, from Mehndi to Walima. We make every wedding event beautiful and memorable, serving all of Pakistan. Find decorations for every type of wedding celebration! At Flower Bouquet, we believe that weddings are not just events; they are","","Wedding Decor Services in DHA Phase 1, Lahore","PKR 120,000","","","",".section-template--18323769196675__collection_list_HDCTtN-padding { padding-top: 21px; padding-bottom: 6px; } @media screen and (min-width: 750px) { ."
"https://flowerbouquet.pk/pages/car-decorations-lahore","200","Car Decorations Service in Lahore - Decor in 3 hours - Weddings &amp; Events &ndash; Flower Bouquet","Discover premium car decorations in Lahore at Flower Bouquet. From wedding car decoration to bridal car decor, we offer a wide range of accessories. Explore our car dashboard decoration, floral arrangements, and decorative ribbons. Find car decoration near me for weddings and events in Lahore. Make your car stand out w","https://flowerbouquet.pk/pages/car-decorations-lahore","index, follow","Events & Wedding Car Decoration Services in Lahore","Login to save your favourites ; Item added to your cart ; Events Car Decoration Service ; Customized Car Decoration at Home ; Flower Bouquets & Gifts in Lahore ; Car Decoration Services at Home in Lahore - Flower Bouquet ; Quick links ; Contact Info ; Delivery Locations ; Quick links","Car Decor ; Car Decor ; Barat Decoration ; Barat Decoration ; Walima Decorations ; Walima Decorations ; House Lighting Decor ; House Lighting Decor ; Nikkah Decor ; Nikkah Decor","Car Decorations Service in Lahore - Decor in 3 hours - Weddings &amp; Events","Discover premium car decorations in Lahore at Flower Bouquet. From wedding car decoration to bridal car decor, we offer a wide range of accessories. Explore our car dashboard decoration, floral arrangements, and decorative ribbons. Find car decoration near me for weddings and events in Lahore. Make your car stand out w","","Events & Wedding Car Decoration Services in Lahore","PKR 9,999","","","",".section-template--18323750027395__collection_list_8hkpnz-padding { padding-top: 0px; padding-bottom: 0px; } @media screen and (min-width: 750px) { .s"
"https://flowerbouquet.pk/pages/gajray-garlands-mala-haar-lahore","200","Gajray &amp; Garlands Mala Wedding &amp; Event - 3 Hours Delivery Lahore &ndash; Flower Bouquet","Explore Flower Bouquet&#39;s expert Gajray &amp;amp; Garlands Mala/Haar services for Lahore, ideal for weddings and cultural ceremonies. Each piece is crafted with premium imported flowers, ensuring elegance and freshness. Customize your floral arrangements to suit any occasion and enjoy our fast 3-hour delivery across Lahore.","https://flowerbouquet.pk/pages/gajray-garlands-mala-haar-lahore","index, follow","Gajray & Garlands Mala/Haar Delivery in Lahore","Login to save your favourites ; Item added to your cart ; Gajray & Garlands Mala/Haar in Lahore ; Create your own Customized cake for any occasion! ; Faqs About Gajray & Garlands Mala/Haar ; Welcome to Flower Bouquet - Your Premier Flower and Gift Store in DHA Lahore ; Quick links ; Contact Info ; Delivery Locations ; Quick links","Gajray &amp; Mala ; Gajray &amp; Mala ; Flower Bouquets ; Flower Bouquets ; Cakes &amp; Choco ; Cakes &amp; Choco ; Flower Boxes ; Flower Boxes ; Gift Box &amp; Baskets ; Gift Box &amp; Baskets","Gajray &amp; Garlands Mala Wedding &amp; Event - 3 Hours Delivery Lahore","Explore Flower Bouquet&#39;s expert Gajray &amp;amp; Garlands Mala/Haar services for Lahore, ideal for weddings and cultural ceremonies. Each piece is crafted with premium imported flowers, ensuring elegance and freshness. Customize your floral arrangements to suit any occasion and enjoy our fast 3-hour delivery across Lahore.","","Gajray & Garlands Mala/Haar Delivery in Lahore","PKR ,","","","",".section-template--18323760545923__collection_list_HDCTtN-padding { padding-top: 21px; padding-bottom: 6px; } @media screen and (min-width: 750px) { ."
"https://flowerbouquet.pk/pages/birthday-decoration-services-in-lahore","200","Birthday Decoration Services in Lahore &ndash; Flower Bouquet","Flower Bouquet is your premier choice for stunning birthday decoration services across Lahore. We specialize in creating beautiful, memorable birthday setups that leave a lasting impression. Our decorations are crafted with meticulous attention to detail, ensuring that each celebration is unique and personalized to you","https://flowerbouquet.pk/pages/birthday-decoration-services-in-lahore","index, follow","Same Day Birthday Decoration Services in Lahore","Login to save your favourites ; Item added to your cart ; Birthday Flower Bouquets in Lahore ; Create your own Customized cake for any occasion! ; Welcome to Flower Bouquet: Your Premier Birthday Decoration Service in Lahore ; Quick links ; Contact Info ; Delivery Locations ; Quick links ; Subscribe to our emails","Birthday Flowers ; Birthday Flowers ; Cakes &amp; Choco ; Cakes &amp; Choco ; Birthday Decoration ; Birthday Decoration ; Flower Bouquets ; Flower Bouquets ; Flower Boxes ; Flower Boxes","Birthday Decoration Services in Lahore","Flower Bouquet is your premier choice for stunning birthday decoration services across Lahore. We specialize in creating beautiful, memorable birthday setups that leave a lasting impression. Our decorations are crafted with meticulous attention to detail, ensuring that each celebration is unique and personalized to you","","Same Day Birthday Decoration Services in Lahore","PKR 3,999","","","",".section-template--18323746455683__collection_list_HDCTtN-padding { padding-top: 0px; padding-bottom: 27px; } @media screen and (min-width: 750px) { ."
"https://flowerbouquet.pk/pages/flowerbouquet-faq","200","FAQs | Flower Bouquet","Find answers to your questions at Flower Bouquet. Our FAQ page covers everything from ordering and delivery to custom floral arrangements and event planning. Get the information you need quickly and easily. If you can&#39;t find your answer, contact us for personalized assistance.","https://flowerbouquet.pk/pages/flowerbouquet-faq","index, follow","Barat Event Decorations In DHA Phase-9, Lahore | FAQs | Flower Bouquet","Login to save your favourites ; Item added to your cart ; Barat Event Decorations In DHA Phase-9, Lahore ; Create Your Own Custom Gift Box ; Faqs About Barat Event Decorations In DHA Phase-9 ; Welcome to Flower Bouquet - Your Premier Flower Bouquet: Your Destination for Barat Event Decorations in DHA Phase-9, Lahore ; Comprehensive Barat Event Decorations ; Additional Services ; International Flower and Gift Delivery ; Order Process","Flower Bouquets ; Flower Bouquets ; Cakes &amp; Choco ; Cakes &amp; Choco ; Best Selling ; Best Selling ; Birthday Flowers ; Birthday Flowers ; Budget-Friendly Flowers ; Budget-Friendly Flowers","FAQs | Flower Bouquet","Find answers to your questions at Flower Bouquet. Our FAQ page covers everything from ordering and delivery to custom floral arrangements and event planning. Get the information you need quickly and easily. If you can&#39;t find your answer, contact us for personalized assistance.","","Barat Event Decorations In DHA Phase-9, Lahore","PKR 120,000","","","",".hero-banner { max-width: 1200px; margin: 50px auto; } .hero-banner .subtitle { font-family: Platypi, sans-serif; font-weight: 400 !important; font-st"
"https://flowerbouquet.pk/pages/contact-us","200","Contact us &ndash; Flower Bouquet","","https://flowerbouquet.pk/pages/contact-us","index, follow","Contact Us","Login to save your favourites ; Item added to your cart ; Customer Support ; Before You Contact Us ; Quick links ; Contact Info ; Delivery Locations ; Quick links ; Subscribe to our emails","Important Notice","Contact us","Flower Bouquet Co is best shop that delivers fresh flowers, gifts, event decor and cakes across Lahore, Islamabad , Karachi and Faisalabad, Pakistan. Enjoy Fast ✅ same-day and ✅ midnight delivery. We offer beautiful bouquets, arrangements, vases &amp; gifts &amp; event decors like Birthday, Walima , Barat &amp; Car decor","","Contact Us","PKR ,","","","","Flower Bouquet Contact Us We are here to help with orders, custom requests, delivery questions, and support. Reach out to us through email or WhatsApp"
"https://flowerbouquet.pk/pages/about-us","200","About Us &ndash; Flower Bouquet","","https://flowerbouquet.pk/pages/about-us","index, follow","About Us","Login to save your favourites ; Item added to your cart ; Who We Are ; What We Offer ; Our Promise ; Why Customers Choose Flower Bouquet ; Our Vision ; Make Every Moment Special ; Quick links ; Contact Info","Fresh Floral Arrangements ; Reliable Delivery ; Customized Gifting ; For Every Occasion ; Important Notice","About Us","Flower Bouquet Co is best shop that delivers fresh flowers, gifts, event decor and cakes across Lahore, Islamabad , Karachi and Faisalabad, Pakistan. Enjoy Fast ✅ same-day and ✅ midnight delivery. We offer beautiful bouquets, arrangements, vases &amp; gifts &amp; event decors like Birthday, Walima , Barat &amp; Car decor","","About Us","PKR ,","","","","Flower Bouquet About Us Premium flowers, thoughtful gifts, and beautifully crafted moments delivered with care across Pakistan. Who We Are Flower Bouq"
"https://flowerbouquet.pk/pages/flower-gift-delivery-in-dha-lahore","200","Flower Bouquet Delivery in DHA, Lahore - 3 Hours Delivery","Discover Flower Bouquet, your premier floral and gift store in DHA Lahore. Enjoy fast 3-hour local delivery and exquisite imported bouquets from the UK, USA, Dubai, and more. Perfect for birthdays, weddings, home decor, and special events. Contact us at +92 3555 138 193 or farmboysflowers@gmail.com.","https://flowerbouquet.pk/pages/flower-gift-delivery-in-dha-lahore","index, follow","Flower & Gifts Delivery in DHA , Lahore","Login to save your favourites ; Item added to your cart ; Flower & Gifts in DHA Lahore ; Create your own Customized cake for any occasion! ; Welcome to Flower Bouquet - Your Premier Flower and Gift Store in DHA Lahore ; Quick links ; Contact Info ; Delivery Locations ; Quick links ; Subscribe to our emails","Flower Bouquets ; Flower Bouquets ; Ramadan Iftar Box ; Ramadan Iftar Box ; Cakes &amp; Choco ; Cakes &amp; Choco ; Flower Boxes ; Flower Boxes ; Gajray &amp; Mala ; Gajray &amp; Mala","Flower Bouquet Delivery in DHA, Lahore - 3 Hours Delivery","Discover Flower Bouquet, your premier floral and gift store in DHA Lahore. Enjoy fast 3-hour local delivery and exquisite imported bouquets from the UK, USA, Dubai, and more. Perfect for birthdays, weddings, home decor, and special events. Contact us at +92 3555 138 193 or farmboysflowers@gmail.com.","","Flower & Gifts Delivery in DHA , Lahore","PKR 9,999","","","",".section-template--18323751174275__collection_list_wcTgG3-padding { padding-top: 21px; padding-bottom: 6px; } @media screen and (min-width: 750px) { ."
"https://flowerbouquet.pk/pages/flower-and-gifts-delivery-in-bahria-town-lahore","200","Flower and Gifts Delivery in Bahria Town Lahore - 3 Hours Delivery &ndash; Flower Bouquet","Explore Flower Bouquet in Bahria Town, Lahore for premium imported floral arrangements and unique gifts for every occasion. From weddings to birthdays, our exquisite flowers ensure every celebration is special. Enjoy fast 3-hour delivery within Lahore. Order now to make your moments unforgettable. Call +92 3555 138 193","https://flowerbouquet.pk/pages/flower-and-gifts-delivery-in-bahria-town-lahore","index, follow","Flower Bouquet & Gifts Delivery in Bahria Town, Lahore","Login to save your favourites ; Item added to your cart ; Flower & Gifts in Bahria Town Lahore ; Create your own Customized cake for any occasion! ; Faqs About Flowers in Bahria Town ; Welcome to Flower Bouquet - Your Premier Flower and Gift Store in Bahria Town, Lahore ; Quick links ; Contact Info ; Delivery Locations ; Quick links","Flower Bouquets ; Flower Bouquets ; Ramadan Iftar Box ; Ramadan Iftar Box ; Flower Boxes ; Flower Boxes ; Cakes &amp; Choco ; Cakes &amp; Choco ; Birthday Decoration ; Birthday Decoration","Flower and Gifts Delivery in Bahria Town Lahore - 3 Hours Delivery","Explore Flower Bouquet in Bahria Town, Lahore for premium imported floral arrangements and unique gifts for every occasion. From weddings to birthdays, our exquisite flowers ensure every celebration is special. Enjoy fast 3-hour delivery within Lahore. Order now to make your moments unforgettable. Call +92 3555 138 193","","Flower Bouquet & Gifts Delivery in Bahria Town, Lahore","PKR 9,999","","","",".section-template--18323745013891__collection_list_HDCTtN-padding { padding-top: 0px; padding-bottom: 0px; } @media screen and (min-width: 750px) { .s"
"https://flowerbouquet.pk/pages/flower-gift-delivery-johar-town-lahore","200","Flower &amp; Gifts in Johar Town - Delivery in Lahore Within 3 Hours &ndash; Flower Bouquet","Explore Flower Bouquet for top-quality floral decorations and unique gifts in Johar Town, Lahore. Specializing in weddings, birthdays, and special events. Fast 3-hour delivery available. Visit our site or call +92 3555 138 193 to make your celebrations unforgettable. We source our flowers from top suppliers around the","https://flowerbouquet.pk/pages/flower-gift-delivery-johar-town-lahore","index, follow","Flower Bouquet & Gifts Delivery in Johar Town, Lahore","Login to save your favourites ; Item added to your cart ; Flower & Gifts in Johar Town, Lahore ; Create your own Customized cake for any occasion! ; Faqs About Flowers in Lahore Johar Town ; Welcome to Flower Bouquet: Premier Floral and Gift Delivery in Johar Town, Lahore ; Quick links ; Contact Info ; Delivery Locations ; Quick links","Flower Bouquets ; Flower Bouquets ; Ramadan Iftar Box ; Ramadan Iftar Box ; Cakes &amp; Choco ; Cakes &amp; Choco ; Flower Boxes ; Flower Boxes ; Gajray &amp; Mala ; Gajray &amp; Mala","Flower &amp; Gifts in Johar Town - Delivery in Lahore Within 3 Hours","Explore Flower Bouquet for top-quality floral decorations and unique gifts in Johar Town, Lahore. Specializing in weddings, birthdays, and special events. Fast 3-hour delivery available. Visit our site or call +92 3555 138 193 to make your celebrations unforgettable. We source our flowers from top suppliers around the","","Flower Bouquet & Gifts Delivery in Johar Town, Lahore","PKR 9,999","","","",".section-template--18323755958403__collection_list_HDCTtN-padding { padding-top: 21px; padding-bottom: 6px; } @media screen and (min-width: 750px) { ."
"https://flowerbouquet.pk/pages/flower-gifts-delivery-model-town-lahore","200","Flower &amp; Gifts delivery in Model Town Lahore - Within 3 hours &ndash; Flower Bouquet","Flower &amp;amp; Gifts delivery in Model Town Lahore- Within 3 hours","https://flowerbouquet.pk/pages/flower-gifts-delivery-model-town-lahore","index, follow","Barat Event Decorations In DHA Phase-9, Lahore | Flower &amp; Gifts delivery in Model Town Lahore","Login to save your favourites ; Item added to your cart ; Barat Event Decorations In DHA Phase-9, Lahore ; Create Your Own Custom Gift Box ; Faqs About Barat Event Decorations In DHA Phase-9 ; Welcome to Flower Bouquet - Your Premier Flower Bouquet: Your Destination for Barat Event Decorations in DHA Phase-9, Lahore ; Comprehensive Barat Event Decorations ; Additional Services ; International Flower and Gift Delivery ; Order Process","Flower Bouquets ; Flower Bouquets ; Cakes &amp; Choco ; Cakes &amp; Choco ; Best Selling ; Best Selling ; Birthday Flowers ; Birthday Flowers ; Budget-Friendly Flowers ; Budget-Friendly Flowers","Flower &amp; Gifts delivery in Model Town Lahore - Within 3 hours","Flower &amp;amp; Gifts delivery in Model Town Lahore- Within 3 hours","","Barat Event Decorations In DHA Phase-9, Lahore","PKR 120,000","","","",".hero-banner { max-width: 1200px; margin: 50px auto; } .hero-banner .subtitle { font-family: Platypi, sans-serif; font-weight: 400 !important; font-st"
"https://flowerbouquet.pk/pages/flower-gifts-delivery-in-gulberg-lahore","404","404 Not Found &ndash; Flower Bouquet","","https://flowerbouquet.pk/404","index, follow","Page not found","Login to save your favourites ; Item added to your cart ; Quick links ; Contact Info ; Delivery Locations ; Quick links ; Subscribe to our emails","Important Notice","404 Not Found","Flower Bouquet Co is best shop that delivers fresh flowers, gifts, event decor and cakes across Lahore, Islamabad , Karachi and Faisalabad, Pakistan. Enjoy Fast ✅ same-day and ✅ midnight delivery. We offer beautiful bouquets, arrangements, vases &amp; gifts &amp; event decors like Birthday, Walima , Barat &amp; Car decor","","Page not found","PKR ,","","","",".template-404 .title + * { margin-top: 1rem; } @media screen and (min-width: 750px) { .template-404 .title + * { margin-top: 2rem; } } 404 Page not fo"
"https://flowerbouquet.pk/pages/flower-delivery-cantt-lahore","404","404 Not Found &ndash; Flower Bouquet","","https://flowerbouquet.pk/404","index, follow","Page not found","Login to save your favourites ; Item added to your cart ; Quick links ; Contact Info ; Delivery Locations ; Quick links ; Subscribe to our emails","Important Notice","404 Not Found","Flower Bouquet Co is best shop that delivers fresh flowers, gifts, event decor and cakes across Lahore, Islamabad , Karachi and Faisalabad, Pakistan. Enjoy Fast ✅ same-day and ✅ midnight delivery. We offer beautiful bouquets, arrangements, vases &amp; gifts &amp; event decors like Birthday, Walima , Barat &amp; Car decor","","Page not found","PKR ,","","","",".template-404 .title + * { margin-top: 1rem; } @media screen and (min-width: 750px) { .template-404 .title + * { margin-top: 2rem; } } 404 Page not fo"
"https://flowerbouquet.pk/pages/flower-delivery-wapda-town-lahore","404","404 Not Found &ndash; Flower Bouquet","","https://flowerbouquet.pk/404","index, follow","Page not found","Login to save your favourites ; Item added to your cart ; Quick links ; Contact Info ; Delivery Locations ; Quick links ; Subscribe to our emails","Important Notice","404 Not Found","Flower Bouquet Co is best shop that delivers fresh flowers, gifts, event decor and cakes across Lahore, Islamabad , Karachi and Faisalabad, Pakistan. Enjoy Fast ✅ same-day and ✅ midnight delivery. We offer beautiful bouquets, arrangements, vases &amp; gifts &amp; event decors like Birthday, Walima , Barat &amp; Car decor","","Page not found","PKR ,","","","",".template-404 .title + * { margin-top: 1rem; } @media screen and (min-width: 750px) { .template-404 .title + * { margin-top: 2rem; } } 404 Page not fo"
"https://flowerbouquet.pk/blogs/flower-bouquets","200","Flower Bouquets","Explore our blog for stunning flower bouquets and expert tips on choosing the perfect flowers for any occasion. Whether it’s a gift or décor, find inspiration and advice at FlowerBouquet.pk.","https://flowerbouquet.pk/blogs/flower-bouquets","index, follow","Flower Bouquets","Login to save your favourites ; Item added to your cart ; Quick links ; Contact Info ; Delivery Locations ; Quick links ; Subscribe to our emails","Flower Colors Meaning Guide for Gifting in Paki... ; Flower Colors Meaning Guide for Gifting in Paki... ; Best Flowers for Gifting in Pakistan 2026 ; Best Flowers for Gifting in Pakistan 2026 ; Best Flower &amp; Gift Combos for Every Occasion (B... ; Best Flower &amp; Gift Combos for Every Occasion (B... ; Celebration Trends in Pakistan: Flowers, Cakes ... ; Celebration Trends in Pakistan: Flowers, Cakes ... ; How to Pick Flowers That Match the Occasion and... ; How to Pick Flowers That Match the Occasion and...","Flower Bouquets","Explore our blog for stunning flower bouquets and expert tips on choosing the perfect flowers for any occasion. Whether it’s a gift or décor, find inspiration and advice at FlowerBouquet.pk.","","Flower Bouquets","PKR ,","","","",".section-template--18323741278339__main-padding { padding-top: 27px; padding-bottom: 27px; } @media screen and (min-width: 750px) { .section-template-"
"https://flowerbouquet.pk/blogs/flower-bouquets/how-to-choose-the-perfect-bouquet-for-any-occasion","200","How to Choose the Perfect Bouquet for Any Occasion? &ndash; Flower Bouquet","Flowers have a unique way of adding beauty, style, and sentiment to any special event and turning it into a truly unforgettable moment. From birthdays, anniversaries, and festive days to weddings and heartfelt gestures of love and appreciation, the presence of the perfect bouquet can elevate the moment. Flowers also ha","https://flowerbouquet.pk/blogs/flower-bouquets/how-to-choose-the-perfect-bouquet-for-any-occasion","index, follow","How to Choose the Perfect Bouquet for Any Occasion?","Login to save your favourites ; Item added to your cart ; Leave a comment ; Quick links ; Contact Info ; Delivery Locations ; Quick links ; Subscribe to our emails","Important Notice","How to Choose the Perfect Bouquet for Any Occasion?","Flowers have a unique way of adding beauty, style, and sentiment to any special event and turning it into a truly unforgettable moment. From birthdays, anniversaries, and festive days to weddings and heartfelt gestures of love and appreciation, the presence of the perfect bouquet can elevate the moment. Flowers also ha","","How to Choose the Perfect Bouquet for Any Occasion?","PKR ,","","","","How to Choose the Perfect Bouquet for Any Occasion? June 23, 2024 Share Share Link Close share Copy link Flowers have a unique way of adding beauty, s"
"https://flowerbouquet.pk/blogs/flower-bouquets/top-online-florists-in-pakistan","200","Top online florists in Pakistan &ndash; Flower Bouquet","Wanna know how to make someone&#39;s day special? No worries, we&#39;ve got you covered. The ultimate gift to give to your loved one to make them feel special is flowers. Flowers also have an intrinsic ability to convey your true emotions that sometimes words fail to express as each flower has its specific meaning. Flowers are","https://flowerbouquet.pk/blogs/flower-bouquets/top-online-florists-in-pakistan","index, follow","Top online florists in Pakistan","Login to save your favourites ; Item added to your cart ; Leave a comment ; Quick links ; Contact Info ; Delivery Locations ; Quick links ; Subscribe to our emails","Important Notice","Top online florists in Pakistan","Wanna know how to make someone&#39;s day special? No worries, we&#39;ve got you covered. The ultimate gift to give to your loved one to make them feel special is flowers. Flowers also have an intrinsic ability to convey your true emotions that sometimes words fail to express as each flower has its specific meaning. Flowers are","","Top online florists in Pakistan","PKR ,","","","","Top online florists in Pakistan June 24, 2024 Share Share Link Close share Copy link Wanna know how to make someone's day special? No worries, we've g"
"https://flowerbouquet.pk/blogs/flower-bouquets/how-to-care-for-fresh-cut-flowers","404","404 Not Found &ndash; Flower Bouquet","","https://flowerbouquet.pk/404","index, follow","Page not found","Login to save your favourites ; Item added to your cart ; Quick links ; Contact Info ; Delivery Locations ; Quick links ; Subscribe to our emails","Important Notice","404 Not Found","Flower Bouquet Co is best shop that delivers fresh flowers, gifts, event decor and cakes across Lahore, Islamabad , Karachi and Faisalabad, Pakistan. Enjoy Fast ✅ same-day and ✅ midnight delivery. We offer beautiful bouquets, arrangements, vases &amp; gifts &amp; event decors like Birthday, Walima , Barat &amp; Car decor","","Page not found","PKR ,","","","",".template-404 .title + * { margin-top: 1rem; } @media screen and (min-width: 750px) { .template-404 .title + * { margin-top: 2rem; } } 404 Page not fo"
"https://flowerbouquet.pk/blogs/flower-bouquets/birthday-gift-ideas-for-her","200","Birthday Gift Ideas For Her &ndash; Flower Bouquet","If there&#39;s a birthday girl you&#39;re shopping for, you&#39;ve come to the right place. Whether it’s your loving wife or girlfriend, caring mom, best friend, or sister, we have the best ideas for any woman at any age. Whether you&#39;re shopping last minute, on a budget, or ready to spend on something special, we&#39;ve rounded up the","https://flowerbouquet.pk/blogs/flower-bouquets/birthday-gift-ideas-for-her","index, follow","Birthday Gift Ideas For Her","Login to save your favourites ; Item added to your cart ; Leave a comment ; Quick links ; Contact Info ; Delivery Locations ; Quick links ; Subscribe to our emails","Important Notice","Birthday Gift Ideas For Her","If there&#39;s a birthday girl you&#39;re shopping for, you&#39;ve come to the right place. Whether it’s your loving wife or girlfriend, caring mom, best friend, or sister, we have the best ideas for any woman at any age. Whether you&#39;re shopping last minute, on a budget, or ready to spend on something special, we&#39;ve rounded up the","","Birthday Gift Ideas For Her","PKR ,","","","","Birthday Gift Ideas For Her June 21, 2024 Share Share Link Close share Copy link If there's a birthday girl you're shopping for, you've come to the ri"
"https://flowerbouquet.pk/blogs/flower-bouquets/eid-gift-ideas-for-her","200","Eid gift ideas for her &ndash; Flower Bouquet","Eid al-Adha is a time to celebrate joy with your family and express gratitude. The women in your life should know their worth on special occasions. And in what better way you can show the special woman in your life how much you care for her than gifting her with a beautiful gift that combines elegance and delight? At F","https://flowerbouquet.pk/blogs/flower-bouquets/eid-gift-ideas-for-her","index, follow","Eid gift ideas for her","Login to save your favourites ; Item added to your cart ; Leave a comment ; Quick links ; Contact Info ; Delivery Locations ; Quick links ; Subscribe to our emails","Important Notice","Eid gift ideas for her","Eid al-Adha is a time to celebrate joy with your family and express gratitude. The women in your life should know their worth on special occasions. And in what better way you can show the special woman in your life how much you care for her than gifting her with a beautiful gift that combines elegance and delight? At F","","Eid gift ideas for her","PKR ,","","","","Eid gift ideas for her June 18, 2024 Share Share Link Close share Copy link Eid al-Adha is a time to celebrate joy with your family and express gratit"
"https://flowerbouquet.pk/policies/refund-policy","200","Refund policy &ndash; Flower Bouquet","","https://flowerbouquet.pk/policies/refund-policy","index, follow","Refund policy","Login to save your favourites ; Item added to your cart ; Quick links ; Contact Info ; Delivery Locations ; Quick links ; Subscribe to our emails","Important Notice","Refund policy","Flower Bouquet Co is best shop that delivers fresh flowers, gifts, event decor and cakes across Lahore, Islamabad , Karachi and Faisalabad, Pakistan. Enjoy Fast ✅ same-day and ✅ midnight delivery. We offer beautiful bouquets, arrangements, vases &amp; gifts &amp; event decors like Birthday, Walima , Barat &amp; Car decor","","Refund policy","PKR ,","","","","Refund policy We have a 30-day return policy, which means you have 30 days after receiving your item to request a return. To be eligible for a return,"
"https://flowerbouquet.pk/policies/privacy-policy","200","Privacy policy &ndash; Flower Bouquet","","https://flowerbouquet.pk/policies/privacy-policy","index, follow","Privacy policy","Login to save your favourites ; Item added to your cart ; Changes to This Privacy Policy ; How We Collect and Use Your Personal Information ; Cookies ; How We Disclose Personal Information ; User Generated Content ; Third Party Websites and Links ; Children’s Data ; Security and Retention of Your Information","What Personal Information We Collect ; Information We Collect Directly from You ; Information We Collect through Cookies ; Information We Obtain from Third Parties ; How We Use Your Personal Information ; Important Notice","Privacy policy","Flower Bouquet Co is best shop that delivers fresh flowers, gifts, event decor and cakes across Lahore, Islamabad , Karachi and Faisalabad, Pakistan. Enjoy Fast ✅ same-day and ✅ midnight delivery. We offer beautiful bouquets, arrangements, vases &amp; gifts &amp; event decors like Birthday, Walima , Barat &amp; Car decor","","Privacy policy","PKR ,","","","","Privacy policy Note: We do not share any customer information unless explicitly authorized by the customer. Last updated: 02/02/2024 This Privacy Poli"
"https://flowerbouquet.pk/policies/terms-of-service","200","Terms of service &ndash; Flower Bouquet","","https://flowerbouquet.pk/policies/terms-of-service","index, follow","Terms of service","Login to save your favourites ; Item added to your cart ; Quick links ; Contact Info ; Delivery Locations ; Quick links ; Subscribe to our emails","Important Notice","Terms of service","Flower Bouquet Co is best shop that delivers fresh flowers, gifts, event decor and cakes across Lahore, Islamabad , Karachi and Faisalabad, Pakistan. Enjoy Fast ✅ same-day and ✅ midnight delivery. We offer beautiful bouquets, arrangements, vases &amp; gifts &amp; event decors like Birthday, Walima , Barat &amp; Car decor","","Terms of service","PKR ,","","","","Terms of service OVERVIEW This website is operated by Flower Bouquet. Throughout the site, the terms “we”, “us” and “our” refer to Flower Bouquet. Flo"
"https://flowerbouquet.pk/policies/shipping-policy","200","Shipping policy &ndash; Flower Bouquet","","https://flowerbouquet.pk/policies/shipping-policy","index, follow","Shipping policy","Login to save your favourites ; Item added to your cart ; Quick links ; Contact Info ; Delivery Locations ; Quick links ; Subscribe to our emails","Important Notice","Shipping policy","Flower Bouquet Co is best shop that delivers fresh flowers, gifts, event decor and cakes across Lahore, Islamabad , Karachi and Faisalabad, Pakistan. Enjoy Fast ✅ same-day and ✅ midnight delivery. We offer beautiful bouquets, arrangements, vases &amp; gifts &amp; event decors like Birthday, Walima , Barat &amp; Car decor","","Shipping policy","PKR ,","","","","Shipping policy"