URL,Page Type,Primary Topic,Keyword Theme,Secondary Themes,Search Intent,Commercial Intent,Location,Occasion,Recommended Equivalent Page For My Website,Recommendation
"https://flowerbouquet.pk/","Collection","Flowers","Send Fresh Flowers, Gifts &amp; Cake Online | Same-Day Delivery Pakistan &ndash; Flower Bouquet","Login to save your favourites ; Item added to your cart ; Art Of Celebration","Commercial","High","Lahore","General","/","IMPROVE"
"https://flowerbouquet.pk/collections/flowers","Collection","Flowers","Collection: Flower Bouquets","Login to save your favourites ; Item added to your cart ; Filter:","Commercial","High","Lahore","General","/collections/flowers","IMPROVE"
"https://flowerbouquet.pk/collections/best-selling-flowers","Collection","Flowers","Best Selling Flowers - Top Picks &amp; Favorites | FarmBoy Flowers Lahore &ndash; Flower Bouquet","Login to save your favourites ; Item added to your cart ; Filter:","Commercial","High","Lahore","General","/collections/best-selling-flowers","IMPROVE"
"https://flowerbouquet.pk/collections/all-products","Collection","Flowers","All Products - Flowers, Gifts, Cakes | FarmBoy Flowers Lahore &ndash; Flower Bouquet","Login to save your favourites ; Item added to your cart ; Filter:","Commercial","High","Lahore","General","/collections/all-products","IMPROVE"
"https://flowerbouquet.pk/collections/birthday-gifts-flowers","Collection","Flowers","Order Birthday Flowers &amp; Gifts | Delivery in 3 Hours | Lahore Pakistan &ndash; Flower Bouquet","Login to save your favourites ; Item added to your cart ; Filter:","Commercial","High","Lahore","Birthday","/occasions/birthday","IMPROVE"
"https://flowerbouquet.pk/collections/anniversary-gifts-flowers","Collection","Flowers","Anniversary Flowers &amp; Romantic Gifts | Delivery in 3 Hours &ndash; Flower Bouquet","Login to save your favourites ; Item added to your cart ; Filter:","Commercial","High","Lahore","Anniversary","/occasions/anniversary","IMPROVE"
"https://flowerbouquet.pk/collections/valentines-day-gifts-flowers","Collection","Flowers","Collection: Valentine&#39;s Flowers","Login to save your favourites ; Item added to your cart ; Filter:","Commercial","High","Lahore","General","/collections/valentines-day-gifts-flowers","IMPROVE"
"https://flowerbouquet.pk/collections/mothers-day-gifts-flowers","Collection","Flowers","Mother&#39;s Day Flowers &amp; Gifts - Delivery in 3 Hours &ndash; Flower Bouquet","Login to save your favourites ; Item added to your cart ; Filter:","Commercial","High","Lahore","General","/collections/mothers-day-gifts-flowers","IMPROVE"
"https://flowerbouquet.pk/collections/fathers-day-gifts-flowers","Collection","Flowers","Father&#39;s Day Flowers &amp; Gifts - Celebrate Dad - Delivery in 3 Hours &ndash; Flower Bouquet","Login to save your favourites ; Item added to your cart ; Filter:","Commercial","High","Lahore","General","/collections/fathers-day-gifts-flowers","IMPROVE"
"https://flowerbouquet.pk/collections/congratulations-gift-flowers","Collection","Flowers","Congratulatory Flowers &amp; Gifts - Celebrate Success | Free Delivery in 3 Hours &ndash; Flower Bouquet","Login to save your favourites ; Item added to your cart ; Filter:","Commercial","High","Lahore","General","/collections/congratulations-gift-flowers","IMPROVE"
"https://flowerbouquet.pk/collections/get-well-soon-gifts-flowers","Collection","Flowers","Order Get Well Soon Flowers &amp; Gifts - Delivery in 3 Hours &ndash; Flower Bouquet","Login to save your favourites ; Item added to your cart ; Filter:","Commercial","High","Lahore","General","/collections/get-well-soon-gifts-flowers","IMPROVE"
"https://flowerbouquet.pk/collections/cakes-chocolates-in-lahore","Collection","Flowers","Cakes &amp; Chocolates Gifts- Delivery in Lahore under 3 Hours | Pakistan &ndash; Flower Bouquet","Login to save your favourites ; Item added to your cart ; Filter:","Commercial","High","Lahore","Gift","/collections/gifts-cakes","IMPROVE"
"https://flowerbouquet.pk/collections/unique-gift-baskets-for-all-occasions","Collection","Flowers","Collection: Gift Box &amp; Baskets","Login to save your favourites ; Item added to your cart ; Filter:","Commercial","High","Lahore","Gift","/collections/gifts-cakes","IMPROVE"
"https://flowerbouquet.pk/collections/eid-gifts-flowers","Collection","Flowers","Ramadan &amp; Eid Flowers - Celebratory Gifts - Delivery in 3 Hours &ndash; Flower Bouquet","Login to save your favourites ; Item added to your cart ; Filter:","Commercial","High","Lahore","Eid","/occasions/eid-gifts","CREATE"
"https://flowerbouquet.pk/collections/crochet-flowers-bouquet","Collection","Flowers","Page not found","Login to save your favourites ; Item added to your cart ; Quick links","Commercial","High","Lahore","General","/collections/crochet-flowers-bouquet","IMPROVE"
"https://flowerbouquet.pk/collections/dry-flower-bouquets","Collection","Flowers","Page not found","Login to save your favourites ; Item added to your cart ; Quick links","Commercial","High","Lahore","General","/collections/dry-flower-bouquets","IMPROVE"
"https://flowerbouquet.pk/products/crimson-heart-a-passionate-red-rose-bouquet-featuring-red-roses-gypso-and-chrysanthemum","Product","Product SKU","Page not found","Login to save your favourites ; Item added to your cart ; Quick links","Transactional","High","Lahore","General","/products/page-not-found","CREATE"
"https://flowerbouquet.pk/products/sunset-charm-sunflowers-chrysanthemum-rose-bouquet","Product","Product SKU","Page not found","Login to save your favourites ; Item added to your cart ; Quick links","Transactional","High","Lahore","General","/products/page-not-found","CREATE"
"https://flowerbouquet.pk/products/golden-elegance-money-bouquet","Product","Product SKU","Page not found","Login to save your favourites ; Item added to your cart ; Quick links","Transactional","High","Lahore","General","/products/page-not-found","CREATE"
"https://flowerbouquet.pk/products/sweet-delight-chocolate-bouquet","Product","Product SKU","Page not found","Login to save your favourites ; Item added to your cart ; Quick links","Transactional","High","Lahore","General","/products/page-not-found","CREATE"
"https://flowerbouquet.pk/products/deluxe-bridal-room-flower-decoration","Product","Product SKU","Page not found","Login to save your favourites ; Item added to your cart ; Quick links","Transactional","High","Lahore","General","/products/page-not-found","CREATE"
"https://flowerbouquet.pk/products/fresh-flower-gajray-set","Product","Product SKU","Page not found","Login to save your favourites ; Item added to your cart ; Quick links","Transactional","High","Lahore","General","/products/page-not-found","CREATE"
"https://flowerbouquet.pk/products/elegant-white-rose-harmony-bouquet","Product","Product SKU","Page not found","Login to save your favourites ; Item added to your cart ; Quick links","Transactional","High","Lahore","General","/products/page-not-found","CREATE"
"https://flowerbouquet.pk/products/midnight-special-black-wrap-rose-bouquet","Product","Product SKU","Page not found","Login to save your favourites ; Item added to your cart ; Quick links","Transactional","High","Lahore","General","/products/page-not-found","CREATE"
"https://flowerbouquet.pk/products/luxury-chrysanthemums-and-imported-roses-arrangement","Product","Product SKU","Page not found","Login to save your favourites ; Item added to your cart ; Quick links","Transactional","High","Lahore","General","/products/page-not-found","CREATE"
"https://flowerbouquet.pk/products/handcrafted-crochet-rose-keepsake","Product","Product SKU","Page not found","Login to save your favourites ; Item added to your cart ; Quick links","Transactional","High","Lahore","General","/products/page-not-found","CREATE"
"https://flowerbouquet.pk/pages/wedding-decorations-lahore","Service Page","Event Décor & Services","Wedding Decor Services in DHA Phase 1, Lahore","Login to save your favourites ; Item added to your cart ; Wedding Decor Services in DHA Phase 1, Lahore","Commercial Investigation","High","Lahore","General","/wedding-decor","IMPROVE"
"https://flowerbouquet.pk/pages/car-decorations-lahore","Service Page","Event Décor & Services","Events & Wedding Car Decoration Services in Lahore","Login to save your favourites ; Item added to your cart ; Events Car Decoration Service","Commercial Investigation","High","Lahore","General","/wedding-decor","IMPROVE"
"https://flowerbouquet.pk/pages/gajray-garlands-mala-haar-lahore","Service Page","Event Décor & Services","Gajray & Garlands Mala/Haar Delivery in Lahore","Login to save your favourites ; Item added to your cart ; Gajray & Garlands Mala/Haar in Lahore","Commercial Investigation","High","Lahore","General","/wedding-decor","IMPROVE"
"https://flowerbouquet.pk/pages/birthday-decoration-services-in-lahore","Service Page","Event Décor & Services","Same Day Birthday Decoration Services in Lahore","Login to save your favourites ; Item added to your cart ; Birthday Flower Bouquets in Lahore","Commercial Investigation","High","Lahore","General","/wedding-decor","IMPROVE"
"https://flowerbouquet.pk/pages/flowerbouquet-faq","FAQ","Customer Service FAQ","Barat Event Decorations In DHA Phase-9, Lahore | FAQs | Flower Bouquet","Login to save your favourites ; Item added to your cart ; Barat Event Decorations In DHA Phase-9, Lahore","Informational","High","Lahore","General","/policies#faqs","COMBINE"
"https://flowerbouquet.pk/pages/contact-us","Doorway / Landing Page","Programmatic Variant","Contact Us","Login to save your favourites ; Item added to your cart ; Customer Support","Commercial","High","Lahore","General","N/A","IGNORE"
"https://flowerbouquet.pk/pages/about-us","Doorway / Landing Page","Programmatic Variant","About Us","Login to save your favourites ; Item added to your cart ; Who We Are","Commercial","High","Lahore","General","N/A","IGNORE"
"https://flowerbouquet.pk/pages/flower-gift-delivery-in-dha-lahore","Location Page","Local Delivery Area","Flower & Gifts Delivery in DHA , Lahore","Login to save your favourites ; Item added to your cart ; Flower & Gifts in DHA Lahore","Commercial","High","in dha","General","/delivery-areas/in-dha","CREATE"
"https://flowerbouquet.pk/pages/flower-and-gifts-delivery-in-bahria-town-lahore","Location Page","Local Delivery Area","Flower Bouquet & Gifts Delivery in Bahria Town, Lahore","Login to save your favourites ; Item added to your cart ; Flower & Gifts in Bahria Town Lahore","Commercial","High","in bahria town","General","/delivery-areas/in-bahria-town","CREATE"
"https://flowerbouquet.pk/pages/flower-gift-delivery-johar-town-lahore","Location Page","Local Delivery Area","Flower Bouquet & Gifts Delivery in Johar Town, Lahore","Login to save your favourites ; Item added to your cart ; Flower & Gifts in Johar Town, Lahore","Commercial","High","johar town","General","/delivery-areas/johar-town","CREATE"
"https://flowerbouquet.pk/pages/flower-gifts-delivery-model-town-lahore","Location Page","Local Delivery Area","Barat Event Decorations In DHA Phase-9, Lahore | Flower &amp; Gifts delivery in Model Town Lahore","Login to save your favourites ; Item added to your cart ; Barat Event Decorations In DHA Phase-9, Lahore","Commercial","High","model town","General","/delivery-areas/model-town","CREATE"
"https://flowerbouquet.pk/pages/flower-gifts-delivery-in-gulberg-lahore","Location Page","Local Delivery Area","Page not found","Login to save your favourites ; Item added to your cart ; Quick links","Commercial","High","in gulberg","General","/delivery-areas/in-gulberg","CREATE"
"https://flowerbouquet.pk/pages/flower-delivery-cantt-lahore","Location Page","Local Delivery Area","Page not found","Login to save your favourites ; Item added to your cart ; Quick links","Commercial","High","cantt","General","/delivery-areas/cantt","CREATE"
"https://flowerbouquet.pk/pages/flower-delivery-wapda-town-lahore","Location Page","Local Delivery Area","Page not found","Login to save your favourites ; Item added to your cart ; Quick links","Commercial","High","wapda town","General","/delivery-areas/wapda-town","CREATE"
"https://flowerbouquet.pk/blogs/flower-bouquets","Article","Flower Advice & Guides","Flower Bouquets","Login to save your favourites ; Item added to your cart ; Quick links","Informational","Low/Medium","Lahore","General","/blog/flower-bouquets","CREATE"
"https://flowerbouquet.pk/blogs/flower-bouquets/how-to-choose-the-perfect-bouquet-for-any-occasion","Article","Flower Advice & Guides","How to Choose the Perfect Bouquet for Any Occasion?","Login to save your favourites ; Item added to your cart ; Leave a comment","Informational","Low/Medium","Lahore","General","/blog/how-to-choose-the-perfect-bouquet-for-any-occasion","CREATE"
"https://flowerbouquet.pk/blogs/flower-bouquets/top-online-florists-in-pakistan","Article","Flower Advice & Guides","Top online florists in Pakistan","Login to save your favourites ; Item added to your cart ; Leave a comment","Informational","Low/Medium","Lahore","General","/blog/top-online-florists-in-pakistan","CREATE"
"https://flowerbouquet.pk/blogs/flower-bouquets/how-to-care-for-fresh-cut-flowers","Article","Flower Advice & Guides","Page not found","Login to save your favourites ; Item added to your cart ; Quick links","Informational","Low/Medium","Lahore","General","/blog/how-to-care-for-fresh-cut-flowers","CREATE"
"https://flowerbouquet.pk/blogs/flower-bouquets/birthday-gift-ideas-for-her","Article","Flower Advice & Guides","Birthday Gift Ideas For Her","Login to save your favourites ; Item added to your cart ; Leave a comment","Informational","Low/Medium","Lahore","General","/blog/birthday-gift-ideas-for-her","CREATE"
"https://flowerbouquet.pk/blogs/flower-bouquets/eid-gift-ideas-for-her","Article","Flower Advice & Guides","Eid gift ideas for her","Login to save your favourites ; Item added to your cart ; Leave a comment","Informational","Low/Medium","Lahore","General","/blog/eid-gift-ideas-for-her","CREATE"
"https://flowerbouquet.pk/policies/refund-policy","Collection","Flowers","Refund policy","Login to save your favourites ; Item added to your cart ; Quick links","Commercial","High","Lahore","General","/","IMPROVE"
"https://flowerbouquet.pk/policies/privacy-policy","Collection","Flowers","Privacy policy","Login to save your favourites ; Item added to your cart ; Changes to This Privacy Policy","Commercial","High","Lahore","General","/","IMPROVE"
"https://flowerbouquet.pk/policies/terms-of-service","Collection","Flowers","Terms of service","Login to save your favourites ; Item added to your cart ; Quick links","Commercial","High","Lahore","General","/","IMPROVE"
"https://flowerbouquet.pk/policies/shipping-policy","Collection","Flowers","Shipping policy","Login to save your favourites ; Item added to your cart ; Quick links","Commercial","High","Lahore","General","/","IMPROVE"