Keyword/Phrase,Source URL,Source Element,Frequency,Intent,Topic,Confidence
"flower bouquet","https://flowerbouquet.pk/policies/shipping-policy","Title","78","Commercial","Product","High"
"quick links","https://flowerbouquet.pk/policies/shipping-policy","H2","64","Commercial","Product","Medium"
"selected product","https://flowerbouquet.pk/policies/shipping-policy","Image Alt","50","Commercial","Product","Medium"
"item added to your cart","https://flowerbouquet.pk/policies/shipping-policy","H2","50","Commercial","Product","Medium"
"login to save your favourites","https://flowerbouquet.pk/policies/shipping-policy","H2","50","Commercial","Product","Medium"
"contact info","https://flowerbouquet.pk/policies/shipping-policy","H2","33","Commercial","Product","Medium"
"page not found","https://flowerbouquet.pk/blogs/flower-bouquets/how-to-care-for-fresh-cut-flowers","Product Name","32","Commercial","Product","High"
"delivery locations","https://flowerbouquet.pk/policies/shipping-policy","H2","32","Transactional","Delivery","Medium"
"subscribe to our emails","https://flowerbouquet.pk/policies/shipping-policy","H2","27","Commercial","Product","Medium"
"filter","https://flowerbouquet.pk/collections/eid-gifts-flowers","H2","26","Commercial","Product","Medium"
"404 not found ndash flower bouquet","https://flowerbouquet.pk/blogs/flower-bouquets/how-to-care-for-fresh-cut-flowers","Title","16","Commercial","Product","High"
"404 not found ndash","https://flowerbouquet.pk/blogs/flower-bouquets/how-to-care-for-fresh-cut-flowers","Title","16","Commercial","Product","High"
"browse more flower bouquets","https://flowerbouquet.pk/collections/eid-gifts-flowers","H2","13","Commercial","Product","Medium"
"add cake chocolates","https://flowerbouquet.pk/collections/eid-gifts-flowers","H2","13","Commercial","Gift","Medium"
"filter and sort","https://flowerbouquet.pk/collections/eid-gifts-flowers","H2","13","Commercial","Product","Medium"
"sort by","https://flowerbouquet.pk/collections/eid-gifts-flowers","H2","13","Commercial","Product","Medium"
"wedding decoration stage","https://flowerbouquet.pk/pages/flower-gifts-delivery-model-town-lahore","Image Alt","11","Commercial","Occasion","Medium"
"cakes and choclates","https://flowerbouquet.pk/pages/flower-gifts-delivery-model-town-lahore","Image Alt","11","Commercial","Gift","Medium"
"gifts","https://flowerbouquet.pk/collections/get-well-soon-gifts-flowers","Title","8","Commercial","Product","High"
"car decor in pakistan","https://flowerbouquet.pk/pages/flower-gifts-delivery-model-town-lahore","Image Alt","8","Commercial","Product","Medium"
"single pink rose bouquet","https://flowerbouquet.pk/collections/eid-gifts-flowers","Image Alt","7","Commercial","Product","Medium"
"red-and-white-floral-bouquet","https://flowerbouquet.pk/collections/eid-gifts-flowers","Image Alt","6","Commercial","Product","Medium"
"gajray amp mala","https://flowerbouquet.pk/pages/flower-gift-delivery-johar-town-lahore","Image Alt","6","Commercial","Product","Medium"
"single imported flower","https://flowerbouquet.pk/collections/eid-gifts-flowers","Image Alt","5","Commercial","Product","Medium"
"flower bouquets","https://flowerbouquet.pk/blogs/flower-bouquets","Product Name","4","Commercial","Product","High"
"leave a comment","https://flowerbouquet.pk/blogs/flower-bouquets/eid-gift-ideas-for-her","H2","4","Commercial","Product","Medium"
"handied flower bouquet","https://flowerbouquet.pk/collections/eid-gifts-flowers","Image Alt","4","Commercial","Product","Medium"
"budgeted imported flower bouquet","https://flowerbouquet.pk/collections/eid-gifts-flowers","Image Alt","4","Commercial","Product","Medium"
"sunshine bouquet","https://flowerbouquet.pk/collections/eid-gifts-flowers","Image Alt","4","Commercial","Product","Medium"
"red rose gajra","https://flowerbouquet.pk/collections/eid-gifts-flowers","Image Alt","4","Commercial","Product","Medium"
"wedding house decor pakistan","https://flowerbouquet.pk/pages/car-decorations-lahore","Image Alt","4","Commercial","Occasion","Medium"
"s day flowers amp","https://flowerbouquet.pk/collections/fathers-day-gifts-flowers","Title","3","Commercial","Product","High"
"faqs","https://flowerbouquet.pk/pages/flowerbouquet-faq","H1","3","Commercial","Product","High"
"flower amp","https://flowerbouquet.pk/pages/flower-gifts-delivery-model-town-lahore","Title","3","Commercial","Product","High"
"top online florists in pakistan","https://flowerbouquet.pk/blogs/flower-bouquets/top-online-florists-in-pakistan","Product Name","3","Commercial","Product","High"
"birthday gift ideas for her","https://flowerbouquet.pk/blogs/flower-bouquets/birthday-gift-ideas-for-her","Product Name","3","Commercial","Occasion","High"
"eid gift ideas for her","https://flowerbouquet.pk/blogs/flower-bouquets/eid-gift-ideas-for-her","Product Name","3","Commercial","Occasion","High"
"velvet crush","https://flowerbouquet.pk/pages/flower-gift-delivery-johar-town-lahore","Image Alt","3","Commercial","Product","Medium"
"birthday flowers","https://flowerbouquet.pk/pages/flower-gifts-delivery-model-town-lahore","Image Alt","3","Commercial","Occasion","Medium"
"customized wedding stage decorations","https://flowerbouquet.pk/pages/flower-gifts-delivery-model-town-lahore","Image Alt","3","Commercial","Occasion","Medium"
"customized car decoration at home","https://flowerbouquet.pk/pages/car-decorations-lahore","Image Alt","3","Commercial","Product","Medium"
"and more","https://flowerbouquet.pk/pages/flower-gift-delivery-in-dha-lahore","Meta Description","3","Commercial","Product","Medium"
"native red flower bouquet","https://flowerbouquet.pk/collections/eid-gifts-flowers","Image Alt","3","Commercial","Product","Medium"
"single red rose bouquet","https://flowerbouquet.pk/collections/eid-gifts-flowers","Image Alt","3","Commercial","Product","Medium"
"vibrant rose bouquet","https://flowerbouquet.pk/collections/anniversary-gifts-flowers","Image Alt","3","Commercial","Product","Medium"
"gifts amp","https://flowerbouquet.pk/","Title","2","Commercial","Product","High"
"collection flower bouquets","https://flowerbouquet.pk/collections/flowers","Product Name","2","Commercial","Product","High"
"best selling flowers","https://flowerbouquet.pk/collections/best-selling-flowers","Title","2","Commercial","Product","High"
"all products","https://flowerbouquet.pk/collections/all-products","Title","2","Commercial","Product","High"
"romantic gifts","https://flowerbouquet.pk/collections/valentines-day-gifts-flowers","Title","2","Commercial","Product","High"
"collection valentine39s flowers","https://flowerbouquet.pk/collections/valentines-day-gifts-flowers","Product Name","2","Commercial","Occasion","High"
"mother39","https://flowerbouquet.pk/collections/mothers-day-gifts-flowers","Title","2","Commercial","Occasion","High"
"unique gift baskets for all occasions","https://flowerbouquet.pk/collections/unique-gift-baskets-for-all-occasions","Title","2","Commercial","Gift","High"
"collection gift box amp baskets","https://flowerbouquet.pk/collections/unique-gift-baskets-for-all-occasions","Product Name","2","Commercial","Gift","High"
"wedding decorations in lahore","https://flowerbouquet.pk/pages/wedding-decorations-lahore","Title","2","Commercial","Local","High"
"car decorations service in lahore","https://flowerbouquet.pk/pages/car-decorations-lahore","Title","2","Commercial","Local","High"
"gajray garlands malahaar delivery in lahore","https://flowerbouquet.pk/pages/gajray-garlands-mala-haar-lahore","Product Name","2","Transactional","Local","High"
"contact us","https://flowerbouquet.pk/pages/contact-us","Product Name","2","Commercial","Product","High"
"about us","https://flowerbouquet.pk/pages/about-us","Product Name","2","Commercial","Product","High"
"lahore","https://flowerbouquet.pk/pages/flower-gift-delivery-in-dha-lahore","Title","2","Commercial","Local","High"
"flower gifts delivery in dha lahore","https://flowerbouquet.pk/pages/flower-gift-delivery-in-dha-lahore","Product Name","2","Transactional","Local","High"
"refund policy","https://flowerbouquet.pk/policies/refund-policy","Product Name","2","Commercial","Product","High"
"privacy policy","https://flowerbouquet.pk/policies/privacy-policy","Product Name","2","Commercial","Product","High"
"terms of service","https://flowerbouquet.pk/policies/terms-of-service","Product Name","2","Commercial","Product","High"
"shipping policy","https://flowerbouquet.pk/policies/shipping-policy","Product Name","2","Commercial","Product","High"
"we39","https://flowerbouquet.pk/blogs/flower-bouquets/birthday-gift-ideas-for-her","Meta Description","2","Commercial","Product","Medium"
"and special events","https://flowerbouquet.pk/pages/flower-gift-delivery-johar-town-lahore","Meta Description","2","Commercial","Product","Medium"
"walima decoration lahore","https://flowerbouquet.pk/pages/flower-gifts-delivery-model-town-lahore","Image Alt","2","Commercial","Local","Medium"
"white amp red roses masehri","https://flowerbouquet.pk/pages/flower-gifts-delivery-model-town-lahore","Image Alt","2","Commercial","Product","Medium"
"best selling","https://flowerbouquet.pk/pages/flower-gifts-delivery-model-town-lahore","Image Alt","2","Commercial","Product","Medium"
"order process","https://flowerbouquet.pk/pages/flower-gifts-delivery-model-town-lahore","H2","2","Transactional","Product","Medium"
"international flower and gift delivery","https://flowerbouquet.pk/pages/flower-gifts-delivery-model-town-lahore","H2","2","Transactional","Delivery","Medium"
"additional services","https://flowerbouquet.pk/pages/flower-gifts-delivery-model-town-lahore","H2","2","Commercial","Product","Medium"
"comprehensive barat event decorations","https://flowerbouquet.pk/pages/flower-gifts-delivery-model-town-lahore","H2","2","Commercial","Product","Medium"
"create your own custom gift box","https://flowerbouquet.pk/pages/flower-gifts-delivery-model-town-lahore","H2","2","Commercial","Product","Medium"
"vibrant mehndi design decorations","https://flowerbouquet.pk/pages/car-decorations-lahore","Image Alt","2","Commercial","Product","Medium"
"39 products","https://flowerbouquet.pk/collections/eid-gifts-flowers","H2","2","Commercial","Product","Medium"
"anniversaries","https://flowerbouquet.pk/blogs/flower-bouquets/how-to-choose-the-perfect-bouquet-for-any-occasion","Meta Description","2","Commercial","Product","Medium"
"20 products","https://flowerbouquet.pk/collections/unique-gift-baskets-for-all-occasions","H2","2","Commercial","Product","Medium"
"whether you39","https://flowerbouquet.pk/blogs/flower-bouquets/birthday-gift-ideas-for-her","Meta Description","2","Commercial","Product","Medium"
"26 products","https://flowerbouquet.pk/collections/cakes-chocolates-in-lahore","H2","2","Commercial","Product","Medium"
"19 products","https://flowerbouquet.pk/collections/get-well-soon-gifts-flowers","H2","2","Commercial","Product","Medium"
"blush rose elegance","https://flowerbouquet.pk/collections/eid-gifts-flowers","Image Alt","2","Commercial","Product","Medium"
"36 products","https://flowerbouquet.pk/collections/congratulations-gift-flowers","H2","2","Commercial","Product","Medium"
"10 products","https://flowerbouquet.pk/collections/fathers-day-gifts-flowers","H2","2","Commercial","Product","Medium"
"single rose delight","https://flowerbouquet.pk/collections/fathers-day-gifts-flowers","Image Alt","2","Commercial","Product","Medium"
"51 products","https://flowerbouquet.pk/collections/mothers-day-gifts-flowers","H2","2","Commercial","Product","Medium"
"44 products","https://flowerbouquet.pk/collections/valentines-day-gifts-flowers","H2","2","Commercial","Product","Medium"
"93 products","https://flowerbouquet.pk/collections/anniversary-gifts-flowers","H2","2","Commercial","Product","Medium"
"elegant paste bouquet","https://flowerbouquet.pk/collections/fathers-day-gifts-flowers","Image Alt","2","Commercial","Product","Medium"
"islamabad and karachi","https://flowerbouquet.pk/collections/congratulations-gift-flowers","Meta Description","2","Commercial","Local","Medium"
"47 products","https://flowerbouquet.pk/collections/birthday-gifts-flowers","H2","2","Commercial","Product","Medium"
"63 products","https://flowerbouquet.pk/collections/all-products","H2","2","Commercial","Product","Medium"
"choclate and rose bouquet","https://flowerbouquet.pk/collections/anniversary-gifts-flowers","Image Alt","2","Commercial","Product","Medium"
"radiant-rose-bouquet","https://flowerbouquet.pk/collections/anniversary-gifts-flowers","Image Alt","2","Commercial","Product","Medium"
"decadent delight","https://flowerbouquet.pk/collections/anniversary-gifts-flowers","Image Alt","2","Commercial","Product","Medium"
"89 products","https://flowerbouquet.pk/collections/best-selling-flowers","H2","2","Commercial","Product","Medium"
"131 products","https://flowerbouquet.pk/collections/flowers","H2","2","Commercial","Product","Medium"
"send fresh flowers","https://flowerbouquet.pk/","Title","1","Transactional","Product","High"
"cake online","https://flowerbouquet.pk/","Title","1","Commercial","Gift","High"
"order birthday flower amp gifts","https://flowerbouquet.pk/collections/flowers","Title","1","Transactional","Occasion","High"
"order birthday flower amp","https://flowerbouquet.pk/collections/flowers","Title","1","Transactional","Occasion","High"
"order birthday flowers amp gifts","https://flowerbouquet.pk/collections/birthday-gifts-flowers","Title","1","Transactional","Occasion","High"
"order birthday flowers amp","https://flowerbouquet.pk/collections/birthday-gifts-flowers","Title","1","Transactional","Occasion","High"
"anniversary flowers amp romantic gifts","https://flowerbouquet.pk/collections/anniversary-gifts-flowers","Title","1","Commercial","Occasion","High"
"anniversary flowers amp","https://flowerbouquet.pk/collections/anniversary-gifts-flowers","Title","1","Commercial","Occasion","High"
"valentine39s day flowers amp romantic gifts","https://flowerbouquet.pk/collections/valentines-day-gifts-flowers","Title","1","Commercial","Occasion","High"
"valentine39","https://flowerbouquet.pk/collections/valentines-day-gifts-flowers","Title","1","Commercial","Occasion","High"
"mother39s day flowers amp gifts","https://flowerbouquet.pk/collections/mothers-day-gifts-flowers","Title","1","Commercial","Occasion","High"
"father39s day flowers amp gifts","https://flowerbouquet.pk/collections/fathers-day-gifts-flowers","Title","1","Commercial","Occasion","High"
"father39","https://flowerbouquet.pk/collections/fathers-day-gifts-flowers","Title","1","Commercial","Occasion","High"
"congratulatory flowers amp gifts","https://flowerbouquet.pk/collections/congratulations-gift-flowers","Title","1","Commercial","Product","High"
"congratulatory flowers amp","https://flowerbouquet.pk/collections/congratulations-gift-flowers","Title","1","Commercial","Product","High"
"order get well soon flowers amp","https://flowerbouquet.pk/collections/get-well-soon-gifts-flowers","Title","1","Transactional","Product","High"
"cakes amp chocolates gifts","https://flowerbouquet.pk/collections/cakes-chocolates-in-lahore","Title","1","Commercial","Gift","High"
"cakes amp","https://flowerbouquet.pk/collections/cakes-chocolates-in-lahore","Title","1","Commercial","Gift","High"
"chocolates gifts","https://flowerbouquet.pk/collections/cakes-chocolates-in-lahore","Title","1","Commercial","Gift","High"
"ramadan amp eid flowers","https://flowerbouquet.pk/collections/eid-gifts-flowers","Title","1","Commercial","Occasion","High"
"ramadan amp","https://flowerbouquet.pk/collections/eid-gifts-flowers","Title","1","Commercial","Product","High"
"eid flowers","https://flowerbouquet.pk/collections/eid-gifts-flowers","Title","1","Commercial","Occasion","High"
"gajray amp","https://flowerbouquet.pk/pages/gajray-garlands-mala-haar-lahore","Title","1","Commercial","Product","High"
"garlands mala wedding amp","https://flowerbouquet.pk/pages/gajray-garlands-mala-haar-lahore","Title","1","Commercial","Occasion","High"
"event","https://flowerbouquet.pk/pages/gajray-garlands-mala-haar-lahore","Title","1","Commercial","Product","High"
"birthday decoration services in lahore ndash","https://flowerbouquet.pk/pages/birthday-decoration-services-in-lahore","Title","1","Commercial","Local","High"
"contact us ndash flower bouquet","https://flowerbouquet.pk/pages/contact-us","Title","1","Commercial","Product","High"
"contact us ndash","https://flowerbouquet.pk/pages/contact-us","Title","1","Commercial","Product","High"
"about us ndash flower bouquet","https://flowerbouquet.pk/pages/about-us","Title","1","Commercial","Product","High"
"about us ndash","https://flowerbouquet.pk/pages/about-us","Title","1","Commercial","Product","High"
"flower bouquet delivery in dha lahore","https://flowerbouquet.pk/pages/flower-gift-delivery-in-dha-lahore","Title","1","Transactional","Local","High"
"flower bouquet delivery in dha","https://flowerbouquet.pk/pages/flower-gift-delivery-in-dha-lahore","Title","1","Transactional","Local","High"
"flower amp gifts in johar town","https://flowerbouquet.pk/pages/flower-gift-delivery-johar-town-lahore","Title","1","Commercial","Local","High"
"gifts in johar town","https://flowerbouquet.pk/pages/flower-gift-delivery-johar-town-lahore","Title","1","Commercial","Local","High"
"gifts delivery in model town lahore","https://flowerbouquet.pk/pages/flower-gifts-delivery-model-town-lahore","Title","1","Transactional","Local","High"
"top online florists in pakistan ndash","https://flowerbouquet.pk/blogs/flower-bouquets/top-online-florists-in-pakistan","Title","1","Commercial","Product","High"
"birthday gift ideas for her ndash","https://flowerbouquet.pk/blogs/flower-bouquets/birthday-gift-ideas-for-her","Title","1","Commercial","Occasion","High"
"eid gift ideas for her ndash","https://flowerbouquet.pk/blogs/flower-bouquets/eid-gift-ideas-for-her","Title","1","Commercial","Occasion","High"
"refund policy ndash flower bouquet","https://flowerbouquet.pk/policies/refund-policy","Title","1","Commercial","Product","High"
"refund policy ndash","https://flowerbouquet.pk/policies/refund-policy","Title","1","Commercial","Product","High"
"privacy policy ndash flower bouquet","https://flowerbouquet.pk/policies/privacy-policy","Title","1","Commercial","Product","High"
"privacy policy ndash","https://flowerbouquet.pk/policies/privacy-policy","Title","1","Commercial","Product","High"
"terms of service ndash flower bouquet","https://flowerbouquet.pk/policies/terms-of-service","Title","1","Commercial","Product","High"
"terms of service ndash","https://flowerbouquet.pk/policies/terms-of-service","Title","1","Commercial","Product","High"
"shipping policy ndash flower bouquet","https://flowerbouquet.pk/policies/shipping-policy","Title","1","Commercial","Product","High"
"shipping policy ndash","https://flowerbouquet.pk/policies/shipping-policy","Title","1","Commercial","Product","High"
"security and retention of your information","https://flowerbouquet.pk/policies/privacy-policy","H2","1","Commercial","Product","Medium"
"childrens data","https://flowerbouquet.pk/policies/privacy-policy","H2","1","Commercial","Product","Medium"
"third party websites and links","https://flowerbouquet.pk/policies/privacy-policy","H2","1","Commercial","Product","Medium"
"user generated content","https://flowerbouquet.pk/policies/privacy-policy","H2","1","Commercial","Product","Medium"
"how we disclose personal information","https://flowerbouquet.pk/policies/privacy-policy","H2","1","Informational","Product","Medium"
"cookies","https://flowerbouquet.pk/policies/privacy-policy","H2","1","Commercial","Product","Medium"
"changes to this privacy policy","https://flowerbouquet.pk/policies/privacy-policy","H2","1","Commercial","Product","Medium"
"ve rounded up the","https://flowerbouquet.pk/blogs/flower-bouquets/birthday-gift-ideas-for-her","Meta Description","1","Commercial","Product","Medium"
"on a budget","https://flowerbouquet.pk/blogs/flower-bouquets/birthday-gift-ideas-for-her","Meta Description","1","Commercial","Product","Medium"
"re shopping last minute","https://flowerbouquet.pk/blogs/flower-bouquets/birthday-gift-ideas-for-her","Meta Description","1","Commercial","Product","Medium"
"or sister","https://flowerbouquet.pk/blogs/flower-bouquets/birthday-gift-ideas-for-her","Meta Description","1","Commercial","Product","Medium"
"best friend","https://flowerbouquet.pk/blogs/flower-bouquets/birthday-gift-ideas-for-her","Meta Description","1","Commercial","Product","Medium"
"caring mom","https://flowerbouquet.pk/blogs/flower-bouquets/birthday-gift-ideas-for-her","Meta Description","1","Commercial","Product","Medium"
"you39","https://flowerbouquet.pk/blogs/flower-bouquets/birthday-gift-ideas-for-her","Meta Description","1","Commercial","Product","Medium"
"re shopping for","https://flowerbouquet.pk/blogs/flower-bouquets/birthday-gift-ideas-for-her","Meta Description","1","Commercial","Product","Medium"
"s a birthday girl you39","https://flowerbouquet.pk/blogs/flower-bouquets/birthday-gift-ideas-for-her","Meta Description","1","Commercial","Occasion","Medium"
"if there39","https://flowerbouquet.pk/blogs/flower-bouquets/birthday-gift-ideas-for-her","Meta Description","1","Commercial","Product","Medium"
"flowers are","https://flowerbouquet.pk/blogs/flower-bouquets/top-online-florists-in-pakistan","Meta Description","1","Commercial","Product","Medium"
"ve got you covered","https://flowerbouquet.pk/blogs/flower-bouquets/top-online-florists-in-pakistan","Meta Description","1","Commercial","Product","Medium"
"s day special no worries","https://flowerbouquet.pk/blogs/flower-bouquets/top-online-florists-in-pakistan","Meta Description","1","Commercial","Product","Medium"
"flowers also ha","https://flowerbouquet.pk/blogs/flower-bouquets/how-to-choose-the-perfect-bouquet-for-any-occasion","Meta Description","1","Commercial","Product","Medium"
"from birthdays","https://flowerbouquet.pk/blogs/flower-bouquets/how-to-choose-the-perfect-bouquet-for-any-occasion","Meta Description","1","Commercial","Occasion","Medium"
"style","https://flowerbouquet.pk/blogs/flower-bouquets/how-to-choose-the-perfect-bouquet-for-any-occasion","Meta Description","1","Commercial","Product","Medium"
"fast 3-hour delivery available","https://flowerbouquet.pk/pages/flower-gift-delivery-johar-town-lahore","Meta Description","1","Transactional","Delivery","Medium"
"birthdays","https://flowerbouquet.pk/pages/flower-gift-delivery-johar-town-lahore","Meta Description","1","Commercial","Occasion","Medium"
"specializing in weddings","https://flowerbouquet.pk/pages/flower-gift-delivery-johar-town-lahore","Meta Description","1","Commercial","Occasion","Medium"
"flower gifts in johar town lahore","https://flowerbouquet.pk/pages/flower-gift-delivery-johar-town-lahore","H2","1","Commercial","Local","Medium"
"call 92 3555 138 193","https://flowerbouquet.pk/pages/flower-and-gifts-delivery-in-bahria-town-lahore","Meta Description","1","Commercial","Product","Medium"
"from weddings to birthdays","https://flowerbouquet.pk/pages/flower-and-gifts-delivery-in-bahria-town-lahore","Meta Description","1","Commercial","Occasion","Medium"
"faqs about flowers in bahria town","https://flowerbouquet.pk/pages/flower-and-gifts-delivery-in-bahria-town-lahore","H2","1","Commercial","Local","Medium"
"flower gifts in bahria town lahore","https://flowerbouquet.pk/pages/flower-and-gifts-delivery-in-bahria-town-lahore","H2","1","Commercial","Local","Medium"
"home decor","https://flowerbouquet.pk/pages/flower-gift-delivery-in-dha-lahore","Meta Description","1","Commercial","Product","Medium"
"weddings","https://flowerbouquet.pk/pages/flower-gift-delivery-in-dha-lahore","Meta Description","1","Commercial","Occasion","Medium"
"perfect for birthdays","https://flowerbouquet.pk/pages/flower-gift-delivery-in-dha-lahore","Meta Description","1","Commercial","Occasion","Medium"
"dubai","https://flowerbouquet.pk/pages/flower-gift-delivery-in-dha-lahore","Meta Description","1","Commercial","Product","Medium"
"discover flower bouquet","https://flowerbouquet.pk/pages/flower-gift-delivery-in-dha-lahore","Meta Description","1","Commercial","Product","Medium"
"flower gifts in dha lahore","https://flowerbouquet.pk/pages/flower-gift-delivery-in-dha-lahore","H2","1","Commercial","Local","Medium"
"make every moment special","https://flowerbouquet.pk/pages/about-us","H2","1","Commercial","Product","Medium"
"our vision","https://flowerbouquet.pk/pages/about-us","H2","1","Commercial","Product","Medium"
"why customers choose flower bouquet","https://flowerbouquet.pk/pages/about-us","H2","1","Commercial","Product","Medium"
"our promise","https://flowerbouquet.pk/pages/about-us","H2","1","Commercial","Product","Medium"
"what we offer","https://flowerbouquet.pk/pages/about-us","H2","1","Informational","Product","Medium"
"who we are","https://flowerbouquet.pk/pages/about-us","H2","1","Commercial","Product","Medium"
"before you contact us","https://flowerbouquet.pk/pages/contact-us","H2","1","Commercial","Product","Medium"
"customer support","https://flowerbouquet.pk/pages/contact-us","H2","1","Commercial","Product","Medium"
"contact us for personalized assistance","https://flowerbouquet.pk/pages/flowerbouquet-faq","Meta Description","1","Commercial","Product","Medium"
"t find your answer","https://flowerbouquet.pk/pages/flowerbouquet-faq","Meta Description","1","Commercial","Product","Medium"
"if you can39","https://flowerbouquet.pk/pages/flowerbouquet-faq","Meta Description","1","Commercial","Product","Medium"
"we specialize in creating beautiful","https://flowerbouquet.pk/pages/birthday-decoration-services-in-lahore","Meta Description","1","Commercial","Product","Medium"
"birthday flower bouquets in lahore","https://flowerbouquet.pk/pages/birthday-decoration-services-in-lahore","H2","1","Commercial","Local","Medium"
"ensuring elegance and freshness","https://flowerbouquet.pk/pages/gajray-garlands-mala-haar-lahore","Meta Description","1","Commercial","Product","Medium"
"garlands malahaar services for lahore","https://flowerbouquet.pk/pages/gajray-garlands-mala-haar-lahore","Meta Description","1","Commercial","Local","Medium"
"s expert gajray amp","https://flowerbouquet.pk/pages/gajray-garlands-mala-haar-lahore","Meta Description","1","Commercial","Product","Medium"
"explore flower bouquet39","https://flowerbouquet.pk/pages/gajray-garlands-mala-haar-lahore","Meta Description","1","Commercial","Product","Medium"
"faqs about gajray garlands malahaar","https://flowerbouquet.pk/pages/gajray-garlands-mala-haar-lahore","H2","1","Commercial","Product","Medium"
"gajray garlands malahaar in lahore","https://flowerbouquet.pk/pages/gajray-garlands-mala-haar-lahore","H2","1","Commercial","Local","Medium"
"land cruiser v8 decoration in lahore","https://flowerbouquet.pk/pages/car-decorations-lahore","Image Alt","1","Commercial","Local","Medium"
"and decorative ribbons","https://flowerbouquet.pk/pages/car-decorations-lahore","Meta Description","1","Commercial","Product","Medium"
"floral arrangements","https://flowerbouquet.pk/pages/car-decorations-lahore","Meta Description","1","Commercial","Product","Medium"
"explore our car dashboard decoration","https://flowerbouquet.pk/pages/car-decorations-lahore","Meta Description","1","Commercial","Product","Medium"
"flower bouquets gifts in lahore","https://flowerbouquet.pk/pages/car-decorations-lahore","H2","1","Commercial","Local","Medium"
"events car decoration service","https://flowerbouquet.pk/pages/car-decorations-lahore","H2","1","Commercial","Product","Medium"
"they are","https://flowerbouquet.pk/pages/wedding-decorations-lahore","Meta Description","1","Commercial","Product","Medium"
"serving all of pakistan","https://flowerbouquet.pk/pages/wedding-decorations-lahore","Meta Description","1","Commercial","Product","Medium"
"from mehndi to walima","https://flowerbouquet.pk/pages/wedding-decorations-lahore","Meta Description","1","Commercial","Product","Medium"
"flower bouquet gifts blogs","https://flowerbouquet.pk/pages/wedding-decorations-lahore","H2","1","Commercial","Product","Medium"
"order today for festive delivery","https://flowerbouquet.pk/collections/eid-gifts-flowers","Meta Description","1","Transactional","Delivery","Medium"
"order online for fast","https://flowerbouquet.pk/collections/unique-gift-baskets-for-all-occasions","Meta Description","1","Transactional","Product","Medium"
"and personalized items","https://flowerbouquet.pk/collections/unique-gift-baskets-for-all-occasions","Meta Description","1","Commercial","Product","Medium"
"flowers","https://flowerbouquet.pk/collections/unique-gift-baskets-for-all-occasions","Meta Description","1","Commercial","Product","Medium"
"s day","https://flowerbouquet.pk/collections/unique-gift-baskets-for-all-occasions","Meta Description","1","Commercial","Product","Medium"
"bounty chocolate by flower bouquet","https://flowerbouquet.pk/collections/cakes-chocolates-in-lahore","Image Alt","1","Commercial","Gift","Medium"
"nestle kitkat 4 finger bar gift","https://flowerbouquet.pk/collections/cakes-chocolates-in-lahore","Image Alt","1","Commercial","Product","Medium"
"layers lotus cake","https://flowerbouquet.pk/collections/cakes-chocolates-in-lahore","Image Alt","1","Commercial","Gift","Medium"
"layers chocolate heaven cake","https://flowerbouquet.pk/collections/cakes-chocolates-in-lahore","Image Alt","1","Commercial","Gift","Medium"
"layers milky malt cake","https://flowerbouquet.pk/collections/cakes-chocolates-in-lahore","Image Alt","1","Commercial","Gift","Medium"
"layers ferrero classic cake","https://flowerbouquet.pk/collections/cakes-chocolates-in-lahore","Image Alt","1","Commercial","Gift","Medium"
"layers lotus three milk cake","https://flowerbouquet.pk/collections/cakes-chocolates-in-lahore","Image Alt","1","Commercial","Gift","Medium"
"layers raffaello cake","https://flowerbouquet.pk/collections/cakes-chocolates-in-lahore","Image Alt","1","Commercial","Gift","Medium"
"farmboy flowers has you covered","https://flowerbouquet.pk/collections/cakes-chocolates-in-lahore","Meta Description","1","Commercial","Product","Medium"
"each cake is baked fresh","https://flowerbouquet.pk/collections/cakes-chocolates-in-lahore","Meta Description","1","Commercial","Gift","Medium"
"creamy vanilla","https://flowerbouquet.pk/collections/cakes-chocolates-in-lahore","Meta Description","1","Commercial","Product","Medium"
"velvety red velvet","https://flowerbouquet.pk/collections/cakes-chocolates-in-lahore","Meta Description","1","Commercial","Product","Medium"
"including classic chocolate","https://flowerbouquet.pk/collections/cakes-chocolates-in-lahore","Meta Description","1","Commercial","Gift","Medium"
"anniversary","https://flowerbouquet.pk/collections/cakes-chocolates-in-lahore","Meta Description","1","Commercial","Occasion","Medium"
"re celebrating a birthday","https://flowerbouquet.pk/collections/cakes-chocolates-in-lahore","Meta Description","1","Commercial","Occasion","Medium"
"lahore39","https://flowerbouquet.pk/collections/cakes-chocolates-in-lahore","Meta Description","1","Commercial","Local","Medium"
"same-day delivery available","https://flowerbouquet.pk/collections/get-well-soon-gifts-flowers","Meta Description","1","Transactional","Delivery","Medium"
"and milestones in lahore","https://flowerbouquet.pk/collections/congratulations-gift-flowers","Meta Description","1","Commercial","Local","Medium"
"graduations","https://flowerbouquet.pk/collections/congratulations-gift-flowers","Meta Description","1","Commercial","Product","Medium"
"ideal for promotions","https://flowerbouquet.pk/collections/congratulations-gift-flowers","Meta Description","1","Commercial","Product","Medium"
"congratulations39","https://flowerbouquet.pk/collections/congratulations-gift-flowers","Meta Description","1","Commercial","Product","Medium"
"say 39","https://flowerbouquet.pk/collections/congratulations-gift-flowers","Meta Description","1","Commercial","Product","Medium"
"father39s day flower mug","https://flowerbouquet.pk/collections/fathers-day-gifts-flowers","Image Alt","1","Commercial","Occasion","Medium"
"mint oasis","https://flowerbouquet.pk/collections/fathers-day-gifts-flowers","Image Alt","1","Commercial","Product","Medium"
"white elegance bouquet","https://flowerbouquet.pk/collections/mothers-day-gifts-flowers","Image Alt","1","Commercial","Product","Medium"
"beautiful flower bouquet","https://flowerbouquet.pk/collections/mothers-day-gifts-flowers","Image Alt","1","Commercial","Product","Medium"
"just because flower bouquet","https://flowerbouquet.pk/collections/mothers-day-gifts-flowers","Image Alt","1","Commercial","Product","Medium"
"mom39s delight bouquet","https://flowerbouquet.pk/collections/mothers-day-gifts-flowers","Image Alt","1","Commercial","Product","Medium"
"same-day delivery in lahore ensured","https://flowerbouquet.pk/collections/mothers-day-gifts-flowers","Meta Description","1","Transactional","Local","Medium"
"our special mother39","https://flowerbouquet.pk/collections/mothers-day-gifts-flowers","Meta Description","1","Commercial","Occasion","Medium"
"order early for guaranteed delivery","https://flowerbouquet.pk/collections/valentines-day-gifts-flowers","Meta Description","1","Transactional","Delivery","Medium"
"solo flowers bouquet with black wrap","https://flowerbouquet.pk/collections/anniversary-gifts-flowers","Image Alt","1","Commercial","Product","Medium"
"s a milestone that celebrat","https://flowerbouquet.pk/collections/anniversary-gifts-flowers","Meta Description","1","Commercial","Product","Medium"
"it39","https://flowerbouquet.pk/collections/anniversary-gifts-flowers","Meta Description","1","Commercial","Product","Medium"
"enduring love","https://flowerbouquet.pk/collections/anniversary-gifts-flowers","Meta Description","1","Commercial","Product","Medium"
"or honoring your parents39","https://flowerbouquet.pk/collections/anniversary-gifts-flowers","Meta Description","1","Commercial","Product","Medium"
"a milestone with your spouse","https://flowerbouquet.pk/collections/anniversary-gifts-flowers","Meta Description","1","Commercial","Product","Medium"
"s your wedding anniversary","https://flowerbouquet.pk/collections/anniversary-gifts-flowers","Meta Description","1","Commercial","Occasion","Medium"
"charming-red-rose-bouquet","https://flowerbouquet.pk/collections/birthday-gifts-flowers","Image Alt","1","Commercial","Product","Medium"
"elegant rose bouquet","https://flowerbouquet.pk/collections/birthday-gifts-flowers","Image Alt","1","Commercial","Product","Medium"
"islamabad an","https://flowerbouquet.pk/collections/birthday-gifts-flowers","Meta Description","1","Commercial","Local","Medium"
"enjoy fast","https://flowerbouquet.pk/collections/birthday-gifts-flowers","Meta Description","1","Commercial","Product","Medium"
"vibrant floral bouquet","https://flowerbouquet.pk/collections/all-products","Image Alt","1","Commercial","Product","Medium"
"crimson rose bouquet","https://flowerbouquet.pk/collections/all-products","Image Alt","1","Commercial","Product","Medium"
"flower bouquet trio","https://flowerbouquet.pk/collections/all-products","Image Alt","1","Commercial","Product","Medium"
"elegant floral jewelry set","https://flowerbouquet.pk/collections/all-products","Image Alt","1","Commercial","Product","Medium"
"elegant purple rose bouquet","https://flowerbouquet.pk/collections/all-products","Image Alt","1","Commercial","Product","Medium"
"sorry rose bouquet with black wrapped","https://flowerbouquet.pk/collections/all-products","Image Alt","1","Commercial","Product","Medium"
"elegant black wrapped rose bouquet","https://flowerbouquet.pk/collections/all-products","Image Alt","1","Commercial","Product","Medium"
"beautifully crafted products wi","https://flowerbouquet.pk/collections/all-products","Meta Description","1","Commercial","Product","Medium"
"discover premium quality","https://flowerbouquet.pk/collections/all-products","Meta Description","1","Commercial","Product","Medium"
"or a celebratory cake","https://flowerbouquet.pk/collections/all-products","Meta Description","1","Commercial","Gift","Medium"
"a thoughtful anniversary gift","https://flowerbouquet.pk/collections/all-products","Meta Description","1","Commercial","Occasion","Medium"
"cakes","https://flowerbouquet.pk/collections/all-products","Meta Description","1","Commercial","Gift","Medium"
"best selling flowers in lahore","https://flowerbouquet.pk/collections/best-selling-flowers","Meta Description","1","Commercial","Local","Medium"
"discover flower bouquet39","https://flowerbouquet.pk/collections/best-selling-flowers","Meta Description","1","Commercial","Product","Medium"
"fresh flowers bouquet","https://flowerbouquet.pk/collections/flowers","Meta Description","1","Commercial","Product","Medium"
"car decor","https://flowerbouquet.pk/","Meta Description","1","Commercial","Product","Medium"
"barat amp","https://flowerbouquet.pk/","Meta Description","1","Commercial","Product","Medium"
"walima","https://flowerbouquet.pk/","Meta Description","1","Commercial","Product","Medium"
"event decors like birthday","https://flowerbouquet.pk/","Meta Description","1","Commercial","Occasion","Medium"
"vases amp","https://flowerbouquet.pk/","Meta Description","1","Commercial","Product","Medium"
"arrangements","https://flowerbouquet.pk/","Meta Description","1","Commercial","Product","Medium"
"we offer beautiful bouquets","https://flowerbouquet.pk/","Meta Description","1","Commercial","Product","Medium"
"pakistan","https://flowerbouquet.pk/","Meta Description","1","Commercial","Product","Medium"
"karachi and faisalabad","https://flowerbouquet.pk/","Meta Description","1","Commercial","Local","Medium"
"islamabad","https://flowerbouquet.pk/","Meta Description","1","Commercial","Local","Medium"
"flower bouquet blogs","https://flowerbouquet.pk/","H2","1","Commercial","Product","Medium"
"flowers gifts by flower bouquet","https://flowerbouquet.pk/","H2","1","Commercial","Product","Medium"
"faqs about flowers gifts","https://flowerbouquet.pk/","H2","1","Commercial","Product","Medium"
"customer reviews","https://flowerbouquet.pk/","H2","1","Commercial","Product","Medium"
"cake chocolates","https://flowerbouquet.pk/","H2","1","Commercial","Gift","Medium"
"budget friendly flower bouquets","https://flowerbouquet.pk/","H2","1","Commercial","Product","Medium"
"beautiful flower bouquets","https://flowerbouquet.pk/","H2","1","Commercial","Product","Medium"
"art of celebration","https://flowerbouquet.pk/","H2","1","Commercial","Product","Medium"