Keyword,Intent,Search Volume,CPC (PKR),Competition,Keyword Difficulty,Data Type,Target URL (Lahore Bouquet)
"flower delivery lahore","Transactional","Tool verification required (Est. 5,400/mo)","Rs. 45 - 85","High","38","ESTIMATED/INFERRED","https://lahorebouquet.com/"
"send flowers to lahore","Transactional","Tool verification required (Est. 3,600/mo)","Rs. 50 - 95","High","35","ESTIMATED/INFERRED","https://lahorebouquet.com/"
"flower bouquet price in lahore","Commercial","Tool verification required (Est. 2,900/mo)","Rs. 30 - 60","Medium","26","ESTIMATED/INFERRED","https://lahorebouquet.com/prices"
"red rose bouquet lahore","Commercial/Transactional","Tool verification required (Est. 2,400/mo)","Rs. 40 - 75","Medium","29","ESTIMATED/INFERRED","https://lahorebouquet.com/roses/red-roses"
"birthday flowers lahore","Transactional","Tool verification required (Est. 1,900/mo)","Rs. 35 - 70","Medium","24","ESTIMATED/INFERRED","https://lahorebouquet.com/occasions/birthday"
"money bouquet lahore","Commercial/Transactional","Tool verification required (Est. 1,800/mo)","Rs. 25 - 55","Low","18","ESTIMATED/INFERRED","https://lahorebouquet.com/collections/money-bouquets"
"wedding car decoration lahore","Commercial/Service","Tool verification required (Est. 1,600/mo)","Rs. 50 - 110","Medium","22","ESTIMATED/INFERRED","https://lahorebouquet.com/wedding-decor"
"bridal room decoration lahore","Commercial/Service","Tool verification required (Est. 1,400/mo)","Rs. 60 - 120","Medium","20","ESTIMATED/INFERRED","https://lahorebouquet.com/wedding-decor"
"flower delivery dha lahore","Local/Transactional","Tool verification required (Est. 1,300/mo)","Rs. 55 - 100","Medium","21","ESTIMATED/INFERRED","https://lahorebouquet.com/delivery-areas/dha"
"sunflower bouquet lahore","Commercial","Tool verification required (Est. 1,100/mo)","Rs. 30 - 65","Low","16","ESTIMATED/INFERRED","https://lahorebouquet.com/collections/sunflowers"
"midnight flower delivery lahore","Transactional","Tool verification required (Est. 950/mo)","Rs. 65 - 130","Medium","25","ESTIMATED/INFERRED","https://lahorebouquet.com/delivery-areas"
"fresh flower gajray lahore","Commercial","Tool verification required (Est. 880/mo)","Rs. 20 - 45","Low","14","ESTIMATED/INFERRED","https://lahorebouquet.com/wedding-decor"
"crochet flowers bouquet pakistan","Commercial","Tool verification required (Est. 800/mo)","Rs. 25 - 50","Low","12","ESTIMATED/INFERRED","https://lahorebouquet.com/crochet-bouquets"
"flower delivery gulberg lahore","Local/Transactional","Tool verification required (Est. 750/mo)","Rs. 45 - 80","Medium","19","ESTIMATED/INFERRED","https://lahorebouquet.com/delivery-areas/gulberg"
"flower delivery bahria town lahore","Local/Transactional","Tool verification required (Est. 700/mo)","Rs. 45 - 85","Low","17","ESTIMATED/INFERRED","https://lahorebouquet.com/delivery-areas/bahria-town"
"flowers for anniversary pakistan","Occasion/Commercial","Tool verification required (Est. 650/mo)","Rs. 40 - 75","Low","15","ESTIMATED/INFERRED","https://lahorebouquet.com/occasions/anniversary"
"how to keep fresh flowers alive longer","Informational","Tool verification required (Est. 1,200/mo)","Rs. 10 - 25","Low","11","ESTIMATED/INFERRED","https://lahorebouquet.com/blog/flower-care-guide-pakistan"
"best flowers for mothers day in pakistan","Informational/Commercial","Tool verification required (Est. 900/mo)","Rs. 30 - 60","Low","14","ESTIMATED/INFERRED","https://lahorebouquet.com/blog/mothers-day-flower-guide"