Source,Target,Anchor,Reason,Priority
"Homepage (Hero / Feature Cards)","/prices","Lahore Flower Price Guide","Passes homepage authority to commercial high-intent pricing calculator","P0"
"Homepage (Collections Grid)","/collections/roses","Imported Roses Lahore","Direct category crawl path for core product cluster","P0"
"Homepage (Location Hub)","/delivery-areas","Lahore Delivery Areas","Contextual bridge to all suburb landing pages","P0"
"/delivery-areas","/delivery-areas/dha","DHA Lahore Phases 1 to 9","Direct crawl path from parent location hub to high-value DHA page","P0"
"/delivery-areas","/delivery-areas/gulberg","Gulberg & MM Alam Delivery","Proximity hub linking to store home territory","P0"
"/delivery-areas","/delivery-areas/bahria-town","Bahria Town & Lake City","Long-distance express delivery cluster","P1"
"/collections/roses","/roses/red-roses","Fresh Red Roses","Parent to subcategory semantic link","P1"
"/collections/roses","/roses/white-roses","White Rose Arrangements","Parent to subcategory semantic link","P1"
"/prices","/collections/bouquets","Order Fresh Bouquets Online","Commercial conversion bridge from price research to catalog","P1"
"/wedding-decor","/wedding-decor#car-decoration","Wedding Car Décor Packages","Deep page jump instead of redundant duplicate links","P1"
"/wedding-decor","/wedding-decor#bridal-room","Bridal Room Canopy Designs","Subservice navigation","P1"
"All Product Pages (Breadcrumbs)","/collections/bouquets","Bouquets Collection","Hierarchical navigation & topical cluster signal","P0"
"All Product Pages (Related)","/products/[slug]","View Matching Bouquet","Horizontal cross-linking between related products in same category","P1"
"Footer Navigation","/policies","Delivery & Refund Policies","Trust signals for visitors & search crawlers","P2"